submission_id,file_name,method_name,prediction,most_similar,most_similar_index
24,Message,|get||move||validity|,|is||set|,|is||set|,35
24,Message,|set||move||validity|,|set||is||set|,|set||is||set|,20
24,Message,|get||code|,|get||id|,|get||id|,12
24,Message,|set||code|,|set||id|,|set||id|,13
24,Message,|get||message|,|get||message|,|get||message|,39
24,Message,|set||message|,|on||message|,|on||message|,40
24,GameBoard,|get||p|,get,|e|,8
24,GameBoard,|set||p|,|set||output|,|set||output|,9
24,GameBoard,|get||p|,get,|e|,6
24,GameBoard,|set||p|,|set||output|,|set||output|,7
24,GameBoard,|is||game||started|,|is||empty|,|is||empty|,19
24,GameBoard,|set||game||started|,|set||transaction|,|set||transaction|,263
24,GameBoard,|get||turn|,|get||id|,|get||id|,2
24,GameBoard,|set||turn|,|set||id|,|set||id|,3
24,GameBoard,|get||board||state|,|get||property|,|get||property|,266
24,GameBoard,|set||board||state|,|set||id|,|set||id|,3
24,GameBoard,|set||board||state|,|set||value|,|set||value|,429
24,GameBoard,|get||winner|,|get||id|,|get||id|,2
24,GameBoard,|set||winner|,|set||id|,|set||id|,3
24,GameBoard,|is||draw|,|is||empty|,|is||empty|,10
24,GameBoard,|set||draw|,|set||is||set|,|set||is||set|,1
24,Move,|get||player|,|get||output|,|get||output|,47
24,Move,|set||player|,|set||output|,|set||output|,7
24,Move,|get||move||x|,|get||id|,|get||id|,2
24,Move,|set||move||x|,|set||id|,|set||id|,3
24,Move,|get||move||y|,|get||id|,|get||id|,2
24,Move,|set||move||y|,|set||id|,|set||id|,3
24,Player,|set||type|,|set||type||type|,|set||type||type|,558
24,Player,|get||type|,|get||value|,|get||value|,898
24,Player,|set||id|,|set||id|,|set||id|,3
24,Player,|get||id|,|get||id|,|get||id|,2
24,PlayGame,|set||type|,|set||type||type|,|set||type||type|,558
24,PlayGame,|get||type|,|get||value|,|get||value|,898
24,PlayGame,|set||id|,|set||id|,|set||id|,3
24,PlayGame,|get||id|,|get||id|,|get||id|,2
65,Message,|is||move||validity|,|is||set|,|is||set|,0
65,Message,|set||move||validity|,|set||is||set|,|set||is||set|,1
65,Message,|get||code|,|get||id|,|get||id|,2
65,Message,|set||code|,|set||id|,|set||id|,3
65,Message,|get||message|,|get||message|,|get||message|,4
65,Message,|set||message|,|on||message|,|on||message|,5
65,GameBoard,|is||move||validity|,|is||set|,|is||set|,0
65,GameBoard,|set||move||validity|,|set||is||set|,|set||is||set|,1
65,GameBoard,|get||code|,|get||id|,|get||id|,2
65,GameBoard,|set||code|,|set||id|,|set||id|,3
65,GameBoard,|get||message|,|get||message|,|get||message|,4
65,GameBoard,|set||message|,|on||message|,|on||message|,5
65,Move,|get||player|,|get||output|,|get||output|,21
65,Move,|set||player|,|set||output|,|set||output|,7
65,Move,|get||move||x|,|get||id|,|get||id|,2
65,Move,|set||move||x|,|set||id|,|set||id|,3
65,Move,|get||move||y|,|get||id|,|get||id|,2
65,Move,|set||move||y|,|set||id|,|set||id|,3
65,Player,|get||type|,|get||value|,|get||value|,898
65,Player,|set||type|,|set||type||type|,|set||type||type|,558
65,Player,|get||id|,|get||id|,|get||id|,2
65,Player,|set||id|,|set||id|,|set||id|,3
65,PlayGame,|get||type|,|get||value|,|get||value|,898
65,PlayGame,|set||type|,|set||type||type|,|set||type||type|,558
65,PlayGame,|get||id|,|get||id|,|get||id|,2
65,PlayGame,|set||id|,|set||id|,|set||id|,3
65,GameTest,|get||type|,|get||value|,|get||value|,898
65,GameTest,|set||type|,|set||type||type|,|set||type||type|,558
65,GameTest,|get||id|,|get||id|,|get||id|,2
65,GameTest,|set||id|,|set||id|,|set||id|,3
65,TicTacToeTest,|get||type|,|get||value|,|get||value|,898
65,TicTacToeTest,|set||type|,|set||type||type|,|set||type||type|,558
65,TicTacToeTest,|get||id|,|get||id|,|get||id|,2
65,TicTacToeTest,|set||id|,|set||id|,|set||id|,3
43,PlayGame,main,add,|d|,72
43,PlayGame,|send||game||board||to||all||players|,|set||session|,|set||session|,73
43,PlayGame,stop,stop,|to|,570
61,PlayGame,main,add,|d|,69
61,PlayGame,|send||game||board||to||all||players|,|set||session|,|set||session|,70
61,PlayGame,stop,stop,|to|,570
59,PlayGame,main,add,|d|,69
59,PlayGame,|send||game||board||to||all||players|,|set||session|,|set||session|,70
59,PlayGame,stop,stop,|to|,570
80,PlayGame,main,add,|d|,69
80,PlayGame,|send||game||board||to||all||players|,|set||session|,|set||session|,70
80,PlayGame,stop,stop,|to|,570
70,Message,|is||move||validity|,|is||set|,|is||set|,0
70,Message,|set||move||validity|,|set||is||set|,|set||is||set|,1
70,Message,|get||code|,|get||id|,|get||id|,2
70,Message,|set||code|,|set||id|,|set||id|,3
70,Message,|get||message|,|get||message|,|get||message|,4
70,Message,|set||message|,|on||message|,|on||message|,5
70,GameBoard,|is||move||validity|,|is||set|,|is||set|,0
70,GameBoard,|set||move||validity|,|set||is||set|,|set||is||set|,1
70,GameBoard,|get||code|,|get||id|,|get||id|,2
70,GameBoard,|set||code|,|set||id|,|set||id|,3
70,GameBoard,|get||message|,|get||message|,|get||message|,4
70,GameBoard,|set||message|,|on||message|,|on||message|,5
70,Move,|get||player|,|get||output|,|get||output|,21
70,Move,|set||player|,|set||output|,|set||output|,7
70,Move,|get||move||x|,|get||id|,|get||id|,2
70,Move,|set||move||x|,|set||id|,|set||id|,3
70,Move,|get||move||y|,|get||id|,|get||id|,2
70,Move,|set||move||y|,|set||id|,|set||id|,3
70,Player,|get||type|,|get||value|,|get||value|,898
70,Player,|set||type|,|set||type||type|,|set||type||type|,558
70,Player,|get||id|,|get||id|,|get||id|,2
70,Player,|set||id|,|set||id|,|set||id|,3
70,PlayGame,|get||type|,|get||value|,|get||value|,898
70,PlayGame,|set||type|,|set||type||type|,|set||type||type|,558
70,PlayGame,|get||id|,|get||id|,|get||id|,2
70,PlayGame,|set||id|,|set||id|,|set||id|,3
97,PlayGame,main,add,|d|,69
97,PlayGame,|send||game||board||to||all||players|,|set||session|,|set||session|,70
97,PlayGame,stop,stop,|to|,570
82,PlayGame,main,add,|d|,69
82,PlayGame,|send||game||board||to||all||players|,|set||session|,|set||session|,70
82,PlayGame,stop,stop,|to|,570
27,PlayGame,main,add,|d|,69
27,PlayGame,|send||game||board||to||all||players|,|set||session|,|set||session|,70
27,PlayGame,stop,stop,|to|,570
9,Message,|set||message|,set,|e|,6
9,Message,|message||json|,|get||string|,|get||string|,120
9,Message,|get||code|,|get||id|,|get||id|,2
9,GameBoard,|set||message|,set,|e|,6
9,GameBoard,|message||json|,|get||string|,|get||string|,117
9,GameBoard,|get||code|,|get||id|,|get||id|,2
9,Calculator,add,size,|set||max||count|,516
9,Calculator,division,|get||double|,|get||output|,1604
9,Move,|set||move|,|set||id|,|set||id|,3
9,Move,|get||move||x|,|get||id|,|get||id|,2
9,Move,|get||move||y|,|get||id|,|get||id|,2
9,Move,|get||player|,get,|e|,6
9,Player,|get||type|,|get||value|,|get||value|,898
9,Player,|get||id|,|get||id|,|get||id|,2
9,PlayGame,|get||type|,|get||value|,|get||value|,898
9,PlayGame,|get||id|,|get||id|,|get||id|,2
9,CalculatorTest,|test||add|,|test||revisions|,|test||revisions|,133
9,CalculatorTest,|test||div||non||zero||denominator|,|test||revisions|,|test||revisions|,132
9,CalculatorTest,|test||div||zero||denominator|,|test||count|,|set||max||count|,516
42,PlayGame,main,add,|d|,69
42,PlayGame,|send||game||board||to||all||players|,|set||session|,|set||session|,70
42,PlayGame,stop,stop,|to|,570
5,Message,|is||move||valid|,|is||set|,|is||set|,0
5,Message,|set||move||validity|,|set||is||set|,|set||is||set|,1
5,Message,|get||code|,|get||id|,|get||id|,2
5,Message,|set||code|,|set||id|,|set||id|,3
5,Message,|get||message|,|get||message|,|get||message|,4
5,Message,|set||message|,|on||message|,|on||message|,5
5,Message,|to||json|,|to||string|,|to||string|,151
5,GameBoard,|is||move||valid|,|is||set|,|is||set|,0
5,GameBoard,|set||move||validity|,|set||is||set|,|set||is||set|,1
5,GameBoard,|get||code|,|get||id|,|get||id|,2
5,GameBoard,|set||code|,|set||id|,|set||id|,3
5,GameBoard,|get||message|,|get||message|,|get||message|,4
5,GameBoard,|set||message|,|on||message|,|on||message|,5
5,GameBoard,|to||json|,|to||string|,|to||string|,144
5,Move,|get||player|,|get||output|,|get||output|,21
5,Move,|set||player|,|set||output|,|set||output|,7
5,Move,|get||move||x|,|get||id|,|get||id|,2
5,Move,|set||move||x|,|set||id|,|set||id|,3
5,Move,|get||move||y|,|get||id|,|get||id|,2
5,Move,|set||move||y|,|set||id|,|set||id|,3
5,Player,|get||type|,|get||value|,|get||value|,898
5,Player,|set||type|,|set||type||type|,|set||type||type|,558
5,Player,|get||id|,|get||id|,|get||id|,2
5,Player,|set||id|,|set||id|,|set||id|,3
5,PlayGame,|get||type|,|get||value|,|get||value|,898
5,PlayGame,|set||type|,|set||type||type|,|set||type||type|,558
5,PlayGame,|get||id|,|get||id|,|get||id|,2
5,PlayGame,|set||id|,|set||id|,|set||id|,3
5,Database,|get||type|,|get||value|,|get||value|,898
5,Database,|set||type|,|set||type||type|,|set||type||type|,558
5,Database,|get||id|,|get||id|,|get||id|,2
5,Database,|set||id|,|set||id|,|set||id|,3
5,DatabaseTest,|get||type|,|get||value|,|get||value|,898
5,DatabaseTest,|set||type|,|set||type||type|,|set||type||type|,558
5,DatabaseTest,|get||id|,|get||id|,|get||id|,2
5,DatabaseTest,|set||id|,|set||id|,|set||id|,3
5,PlayGameTest,|get||type|,|get||value|,|get||value|,898
5,PlayGameTest,|set||type|,|set||type||type|,|set||type||type|,558
5,PlayGameTest,|get||id|,|get||id|,|get||id|,2
5,PlayGameTest,|set||id|,|set||id|,|set||id|,3
5,MessageTest,|test||message||constructor|,|test||invalid|,|test||invalid|,179
5,MessageTest,|test||set||move||validity|,|test||invalid|,|test||invalid|,178
5,MessageTest,|test||set||code|,|test||get|,|test||get|,184
5,MessageTest,|test||set||message|,|test||message|,|test||message|,736
5,MessageTest,|test||to||json|,|test||invalid|,|test||invalid|,178
5,MoveTest,|test||move||constructor|,|test||get||value|,|test||get||value|,187
5,MoveTest,|test||set||player|,|test||get|,|test||get|,180
5,MoveTest,|test||set||move||x|,|test||revisions|,|test||revisions|,132
5,MoveTest,|test||set||move||y|,|test||revisions|,|test||revisions|,132
5,GameBoardTest,|test||move||constructor|,|test||get||value|,|test||get||value|,183
5,GameBoardTest,|test||set||player|,|test||get|,|test||get|,180
5,GameBoardTest,|test||set||move||x|,|test||revisions|,|test||revisions|,132
5,GameBoardTest,|test||set||move||y|,|test||revisions|,|test||revisions|,132
5,PlayerTest,|test||player||constructor|,|test||get||id|,|test||get||id|,963
5,PlayerTest,|test||set||type|,|test||type|,|test||invalid||type|,742
5,PlayerTest,|test||set||id|,|test||id|,|test||get||id|,191
84,PlayGame,main,add,|d|,69
84,PlayGame,|send||game||board||to||all||players|,|set||session|,|set||session|,70
84,PlayGame,stop,stop,|to|,570
25,PlayGame,main,add,|d|,69
25,PlayGame,|send||game||board||to||all||players|,|set||session|,|set||session|,70
25,PlayGame,stop,stop,|to|,570
87,PlayGame,main,add,|d|,69
87,PlayGame,|send||game||board||to||all||players|,|set||session|,|set||session|,70
87,PlayGame,stop,stop,|to|,570
8,PlayGame,main,add,|d|,69
8,PlayGame,|send||game||board||to||all||players|,|set||session|,|set||session|,70
8,PlayGame,stop,stop,|to|,570
34,PlayGame,main,add,|d|,69
34,PlayGame,|send||game||board||to||all||players|,|set||session|,|set||session|,70
34,PlayGame,stop,stop,|to|,570
35,PlayGame,main,add,|d|,69
35,PlayGame,|send||game||board||to||all||players|,|set||session|,|set||session|,70
35,PlayGame,stop,stop,|to|,570
23,Message,|is||move||validity|,|is||set|,|is||set|,0
23,Message,|set||move||validity|,|set||is||set|,|set||is||set|,1
23,Message,|get||code|,|get||id|,|get||id|,2
23,Message,|set||code|,|set||id|,|set||id|,3
23,Message,|get||message|,|get||message|,|get||message|,4
23,Message,|set||message|,|on||message|,|on||message|,5
23,GameBoard,|is||move||validity|,|is||set|,|is||set|,0
23,GameBoard,|set||move||validity|,|set||is||set|,|set||is||set|,1
23,GameBoard,|get||code|,|get||id|,|get||id|,2
23,GameBoard,|set||code|,|set||id|,|set||id|,3
23,GameBoard,|get||message|,|get||message|,|get||message|,4
23,GameBoard,|set||message|,|on||message|,|on||message|,5
23,Move,|get||player|,|get||output|,|get||output|,21
23,Move,|set||player|,|set||output|,|set||output|,7
23,Move,|get||move||x|,|get||id|,|get||id|,2
23,Move,|set||move||x|,|set||id|,|set||id|,3
23,Move,|get||move||y|,|get||id|,|get||id|,2
23,Move,|set||move||y|,|set||id|,|set||id|,3
23,Player,|get||type|,|get||value|,|get||value|,898
23,Player,|set||type|,|set||type||type|,|set||type||type|,558
23,Player,|get||id|,|get||id|,|get||id|,2
23,Player,|set||id|,|set||id|,|set||id|,3
23,PlayGame,|get||type|,|get||value|,|get||value|,898
23,PlayGame,|set||type|,|set||type||type|,|set||type||type|,558
23,PlayGame,|get||id|,|get||id|,|get||id|,2
23,PlayGame,|set||id|,|set||id|,|set||id|,3
23,GameBoardTest,|get||type|,|get||value|,|get||value|,898
23,GameBoardTest,|set||type|,|set||type||type|,|set||type||type|,558
23,GameBoardTest,|get||id|,|get||id|,|get||id|,2
23,GameBoardTest,|set||id|,|set||id|,|set||id|,3
23,ApiTest,|get||type|,|get||value|,|get||value|,898
23,ApiTest,|set||type|,|set||type||type|,|set||type||type|,558
23,ApiTest,|get||id|,|get||id|,|get||id|,2
23,ApiTest,|set||id|,|set||id|,|set||id|,3
72,PlayGame,main,add,|d|,69
72,PlayGame,|send||game||board||to||all||players|,|set||session|,|set||session|,70
72,PlayGame,stop,stop,|to|,570
33,PlayGame,main,add,|d|,69
33,PlayGame,|send||game||board||to||all||players|,|set||session|,|set||session|,70
33,PlayGame,stop,stop,|to|,570
99,Message,|is||move||validity|,|is||set|,|is||set|,0
99,Message,|set||move||validity|,|set||is||set|,|set||is||set|,1
99,Message,|get||code|,|get||id|,|get||id|,2
99,Message,|set||code|,|set||id|,|set||id|,3
99,Message,|get||message|,|get||message|,|get||message|,4
99,Message,|set||message|,|on||message|,|on||message|,5
99,GameBoard,|get||p|,get,|e|,6
99,GameBoard,|set||p|,|set||output|,|set||output|,7
99,GameBoard,|get||p|,get,|e|,6
99,GameBoard,|set||p|,|set||output|,|set||output|,7
99,GameBoard,|is||game||started|,|is||empty|,|is||empty|,10
99,GameBoard,|set||game||started|,|set||transaction|,|set||transaction|,11
99,GameBoard,|get||turn|,|get||id|,|get||id|,2
99,GameBoard,|set||turn|,|set||id|,|set||id|,3
99,GameBoard,|get||board||state|,|get||property|,|get||property|,14
99,GameBoard,|set||board||state|,|set||id|,|set||id|,3
99,GameBoard,|get||winner|,|get||id|,|get||id|,2
99,GameBoard,|set||winner|,|set||id|,|set||id|,3
99,GameBoard,|is||draw|,|is||empty|,|is||empty|,10
99,GameBoard,|set||draw|,|set||is||set|,|set||is||set|,1
99,Move,|get||player|,|get||output|,|get||output|,21
99,Move,|set||player|,|set||output|,|set||output|,7
99,Move,|get||move||x|,|get||id|,|get||id|,2
99,Move,|set||move||x|,|set||id|,|set||id|,3
99,Move,|get||move||y|,|get||id|,|get||id|,2
99,Move,|set||move||y|,|set||id|,|set||id|,3
99,Player,|get||type|,|get||value|,|get||value|,898
99,Player,|set||type|,|set||type||type|,|set||type||type|,558
99,Player,|get||id|,|get||id|,|get||id|,2
99,Player,|set||id|,|set||id|,|set||id|,3
99,DataBase,|get||type|,|get||value|,|get||value|,898
99,DataBase,|set||type|,|set||type||type|,|set||type||type|,558
99,DataBase,|get||id|,|get||id|,|get||id|,2
99,DataBase,|set||id|,|set||id|,|set||id|,3
99,PlayGame,|get||type|,|get||value|,|get||value|,898
99,PlayGame,|set||type|,|set||type||type|,|set||type||type|,558
99,PlayGame,|get||id|,|get||id|,|get||id|,2
99,PlayGame,|set||id|,|set||id|,|set||id|,3
99,RobustTest,|get||type|,|get||value|,|get||value|,898
99,RobustTest,|set||type|,|set||type||type|,|set||type||type|,558
99,RobustTest,|get||id|,|get||id|,|get||id|,2
99,RobustTest,|set||id|,|set||id|,|set||id|,3
99,GameTest,|get||type|,|get||value|,|get||value|,898
99,GameTest,|set||type|,|set||type||type|,|set||type||type|,558
99,GameTest,|get||id|,|get||id|,|get||id|,2
99,GameTest,|set||id|,|set||id|,|set||id|,3
99,MethodTest,|get||type|,|get||value|,|get||value|,898
99,MethodTest,|set||type|,|set||type||type|,|set||type||type|,558
99,MethodTest,|get||id|,|get||id|,|get||id|,2
99,MethodTest,|set||id|,|set||id|,|set||id|,3
99,DataBaseTest,|get||type|,|get||value|,|get||value|,898
99,DataBaseTest,|set||type|,|set||type||type|,|set||type||type|,558
99,DataBaseTest,|get||id|,|get||id|,|get||id|,2
99,DataBaseTest,|set||id|,|set||id|,|set||id|,3
48,PlayGame,main,add,|d|,69
48,PlayGame,|send||game||board||to||all||players|,|set||session|,|set||session|,70
48,PlayGame,stop,stop,|to|,570
96,PlayGame,main,add,|d|,69
96,PlayGame,|send||game||board||to||all||players|,|set||session|,|set||session|,70
96,PlayGame,stop,stop,|to|,570
38,Message,|set||move||validity|,|set||is||set|,|set||is||set|,1
38,Message,|set||code|,|set||id|,|set||id|,3
38,Message,|set||message|,|on||message|,|on||message|,5
38,Message,|get||move||validity|,|is||set|,|is||set|,0
38,Message,|get||code|,|get||id|,|get||id|,2
38,Message,|get||message|,|get||message|,|get||message|,4
38,GameBoard,|set||move||validity|,|set||is||set|,|set||is||set|,1
38,GameBoard,|set||code|,|set||id|,|set||id|,3
38,GameBoard,|set||message|,|on||message|,|on||message|,5
38,GameBoard,|get||move||validity|,|is||set|,|is||set|,0
38,GameBoard,|get||code|,|get||id|,|get||id|,2
38,GameBoard,|get||message|,|get||message|,|get||message|,4
38,Move,|set||player|,|set||output|,|set||output|,7
38,Move,|set||move||x|,|set||id|,|set||id|,3
38,Move,|set||move||y|,|set||id|,|set||id|,3
38,Move,|get||player|,|get||output|,|get||output|,21
38,Move,|get||move||x|,|get||id|,|get||id|,2
38,Move,|get||move||y|,|get||id|,|get||id|,2
38,Player,|set||type|,|set||type||type|,|set||type||type|,558
38,Player,|set||id|,|set||id|,|set||id|,3
38,Player,|get||type|,|get||value|,|get||value|,898
38,Player,|get||id|,|get||id|,|get||id|,2
38,PlayGame,|set||type|,|set||type||type|,|set||type||type|,558
38,PlayGame,|set||id|,|set||id|,|set||id|,3
38,PlayGame,|get||type|,|get||value|,|get||value|,898
38,PlayGame,|get||id|,|get||id|,|get||id|,2
67,PlayGame,main,add,|d|,69
67,PlayGame,|send||game||board||to||all||players|,|set||session|,|set||session|,70
67,PlayGame,stop,stop,|to|,570
39,PlayGame,main,add,|d|,69
39,PlayGame,|send||game||board||to||all||players|,|set||session|,|set||session|,70
39,PlayGame,stop,stop,|to|,570
89,Message,|is||move||validity|,|is||set|,|is||set|,0
89,Message,|set||move||validity|,|set||is||set|,|set||is||set|,1
89,Message,|get||code|,|get||id|,|get||id|,2
89,Message,|set||code|,|set||id|,|set||id|,3
89,Message,|get||message|,|get||message|,|get||message|,4
89,Message,|set||message|,|on||message|,|on||message|,5
89,GameBoard,|is||move||validity|,|is||set|,|is||set|,0
89,GameBoard,|set||move||validity|,|set||is||set|,|set||is||set|,1
89,GameBoard,|get||code|,|get||id|,|get||id|,2
89,GameBoard,|set||code|,|set||id|,|set||id|,3
89,GameBoard,|get||message|,|get||message|,|get||message|,4
89,GameBoard,|set||message|,|on||message|,|on||message|,5
89,Move,|get||player|,|get||output|,|get||output|,21
89,Move,|set||player|,|set||output|,|set||output|,7
89,Move,|get||move||x|,|get||id|,|get||id|,2
89,Move,|set||move||x|,|set||id|,|set||id|,3
89,Move,|get||move||y|,|get||id|,|get||id|,2
89,Move,|set||move||y|,|set||id|,|set||id|,3
89,Player,|get||type|,|get||value|,|get||value|,898
89,Player,|set||type|,|set||type||type|,|set||type||type|,558
89,Player,|get||id|,|get||id|,|get||id|,2
89,Player,|set||id|,|set||id|,|set||id|,3
89,PlayGame,|get||type|,|get||value|,|get||value|,898
89,PlayGame,|set||type|,|set||type||type|,|set||type||type|,558
89,PlayGame,|get||id|,|get||id|,|get||id|,2
89,PlayGame,|set||id|,|set||id|,|set||id|,3
89,GameTest,|get||type|,|get||value|,|get||value|,898
89,GameTest,|set||type|,|set||type||type|,|set||type||type|,558
89,GameTest,|get||id|,|get||id|,|get||id|,2
89,GameTest,|set||id|,|set||id|,|set||id|,3
89,GameboardTest,|get||type|,|get||value|,|get||value|,898
89,GameboardTest,|set||type|,|set||type||type|,|set||type||type|,558
89,GameboardTest,|get||id|,|get||id|,|get||id|,2
89,GameboardTest,|set||id|,|set||id|,|set||id|,3
41,Message,|is||move||validity|,|is||set|,|is||set|,0
41,Message,|set||move||validity|,|set||is||set|,|set||is||set|,1
41,Message,|get||code|,|get||id|,|get||id|,2
41,Message,|set||code|,|set||id|,|set||id|,3
41,Message,|get||message|,|get||message|,|get||message|,4
41,Message,|set||message|,|on||message|,|on||message|,5
41,GameBoard,|get||p|,get,|e|,6
41,GameBoard,|set||p|,|set||output|,|set||output|,7
41,GameBoard,|get||p|,get,|e|,6
41,GameBoard,|set||p|,|set||output|,|set||output|,7
41,GameBoard,|is||game||started|,|is||empty|,|is||empty|,10
41,GameBoard,|set||game||started|,|set||transaction|,|set||transaction|,11
41,GameBoard,|get||turn|,|get||id|,|get||id|,2
41,GameBoard,|set||turn|,|set||id|,|set||id|,3
41,GameBoard,|get||board||state|,|get||property|,|get||property|,14
41,GameBoard,|set||board||state|,|set||id|,|set||id|,3
41,GameBoard,|get||winner|,|get||id|,|get||id|,2
41,GameBoard,|set||winner|,|set||id|,|set||id|,3
41,GameBoard,|is||draw|,|is||empty|,|is||empty|,10
41,GameBoard,|set||draw|,|set||is||set|,|set||is||set|,1
41,Move,|get||player|,|get||output|,|get||output|,21
41,Move,|set||player|,|set||output|,|set||output|,7
41,Move,|get||move||x|,|get||id|,|get||id|,2
41,Move,|set||move||x|,|set||id|,|set||id|,3
41,Move,|get||move||y|,|get||id|,|get||id|,2
41,Move,|set||move||y|,|set||id|,|set||id|,3
41,Player,|get||type|,|get||value|,|get||value|,898
41,Player,|set||type|,|set||type||type|,|set||type||type|,558
41,Player,|get||id|,|get||id|,|get||id|,2
41,Player,|set||id|,|set||id|,|set||id|,3
41,PlayGame,main,|get||test|,|test||get|,180
41,PlayGame,|send||game||board||to||all||players|,|set||session|,|set||session|,70
41,PlayGame,stop,stop,|to|,570
4,PlayGame,main,add,|d|,69
4,PlayGame,|send||game||board||to||all||players|,|set||session|,|set||session|,70
4,PlayGame,stop,stop,|to|,570
16,Message,|is||move||validity|,|is||set|,|is||set|,0
16,Message,|set||move||validity|,|set||is||set|,|set||is||set|,1
16,Message,|get||code|,|get||id|,|get||id|,2
16,Message,|set||code|,|set||id|,|set||id|,3
16,Message,|get||message|,|get||message|,|get||message|,4
16,Message,|set||message|,|on||message|,|on||message|,5
16,GameBoard,|get||p|,get,|e|,6
16,GameBoard,|set||p|,|set||output|,|set||output|,7
16,GameBoard,|get||p|,get,|e|,6
16,GameBoard,|set||p|,|set||output|,|set||output|,7
16,GameBoard,|is||game||started|,|is||empty|,|is||empty|,10
16,GameBoard,|set||game||started|,|set||transaction|,|set||transaction|,11
16,GameBoard,|get||turn|,|get||id|,|get||id|,2
16,GameBoard,|set||turn|,|set||id|,|set||id|,3
16,GameBoard,|get||board||state|,|get||mappings|,|get||mappings|,510
16,GameBoard,|set||board||state|,|set||value|,|set||value|,16
16,GameBoard,|get||winner|,|get||id|,|get||id|,2
16,GameBoard,|set||winner|,|set||id|,|set||id|,3
16,GameBoard,|is||draw|,|is||empty|,|is||empty|,10
16,GameBoard,|set||draw|,|set||is||set|,|set||is||set|,1
16,Move,|get||player|,|get||output|,|get||output|,21
16,Move,|set||player|,|set||output|,|set||output|,7
16,Move,|get||move||x|,|get||id|,|get||id|,2
16,Move,|set||move||x|,|set||id|,|set||id|,3
16,Move,|get||move||y|,|get||id|,|get||id|,2
16,Move,|set||move||y|,|set||id|,|set||id|,3
16,Player,|get||type|,|get||value|,|get||value|,898
16,Player,|set||type|,|set||type||type|,|set||type||type|,558
16,Player,|get||id|,|get||id|,|get||id|,2
16,Player,|set||id|,|set||id|,|set||id|,3
16,GameTest,|get||type|,|get||value|,|get||value|,898
16,GameTest,|set||type|,|set||type||type|,|set||type||type|,558
16,GameTest,|get||id|,|get||id|,|get||id|,2
16,GameTest,|set||id|,|set||id|,|set||id|,3
16,PlayGame,|get||type|,|get||value|,|get||value|,898
16,PlayGame,|set||type|,|set||type||type|,|set||type||type|,558
16,PlayGame,|get||id|,|get||id|,|get||id|,2
16,PlayGame,|set||id|,|set||id|,|set||id|,3
36,PlayGame,main,add,|d|,69
36,PlayGame,|send||game||board||to||all||players|,|set||session|,|set||session|,70
36,PlayGame,stop,stop,|to|,570
95,Message,|valid||setter|,close,|los|,456
95,Message,|invalid||setter|,close,|los|,455
95,Message,|getmove||validity|,|is||set|,|is||set|,0
95,Message,getcode,|get||id|,|get||id|,2
95,Message,getmessage,|get||message|,|get||message|,4
95,GameBoard,|check||winner|,|is||equal|,|is||equal|,464
95,GameBoard,|check||draw|,|is||empty|,|is||empty|,10
95,GameBoard,startgame,|set||up|,|set||is||set|,1554
95,GameBoard,joingame,|set||type||type|,|set||type||type|,558
95,GameBoard,setter,|is||equal|,|is||equal|,460
95,GameBoard,|get||game||started|,|is||empty|,|is||empty|,10
95,GameBoard,|get||winner|,|get||id|,|get||id|,2
95,GameBoard,|get||is||draw|,|is||empty|,|is||empty|,10
95,GameBoard,|get||p|,get,|e|,6
95,GameBoard,|get||p|,get,|e|,6
95,GameBoard,|get||turn|,|get||id|,|get||id|,2
95,Move,getplayer,|get||output|,|get||output|,21
95,Move,|getmove||x|,|get||id|,|get||id|,2
95,Move,|getmove||y|,|get||id|,|get||id|,2
95,Player,startgame,|set||id|,|set||id|,3
95,Player,joingame,|set||id|,|set||id|,3
95,Player,|get||type|,|get||value|,|get||value|,898
95,Player,|get||id|,|get||id|,|get||id|,2
95,DatabaseJdbc,startgame,|set||id|,|set||id|,3
95,DatabaseJdbc,joingame,|set||id|,|set||id|,3
95,DatabaseJdbc,|get||type|,|get||value|,|get||value|,898
95,DatabaseJdbc,|get||id|,|get||id|,|get||id|,2
95,PlayGame,startgame,|set||id|,|set||id|,3
95,PlayGame,joingame,|set||id|,|set||id|,3
95,PlayGame,|get||type|,|get||value|,|get||value|,898
95,PlayGame,|get||id|,|get||id|,|get||id|,2
95,GameTest,startgame,|set||id|,|set||id|,3
95,GameTest,joingame,|set||id|,|set||id|,3
95,GameTest,|get||type|,|get||value|,|get||value|,898
95,GameTest,|get||id|,|get||id|,|get||id|,2
95,DatabaseTest,startgame,|set||id|,|set||id|,3
95,DatabaseTest,joingame,|set||id|,|set||id|,3
95,DatabaseTest,|get||type|,|get||value|,|get||value|,898
95,DatabaseTest,|get||id|,|get||id|,|get||id|,2
95,UnitTest,startgame,|set||id|,|set||id|,3
95,UnitTest,joingame,|set||id|,|set||id|,3
95,UnitTest,|get||type|,|get||value|,|get||value|,898
95,UnitTest,|get||id|,|get||id|,|get||id|,2
14,PlayGame,main,add,|d|,69
14,PlayGame,|send||game||board||to||all||players|,|set||session|,|set||session|,70
14,PlayGame,stop,stop,|to|,570
57,GameBoard,|set||player|,|set||output|,|set||output|,7
57,GameBoard,|get||player|,get,|e|,6
57,GameBoard,|set||player|,|set||output|,|set||output|,7
57,GameBoard,|get||player|,get,|e|,6
57,GameBoard,|set||game||started|,|set||transaction|,|set||transaction|,11
57,GameBoard,|get||game||started|,|is||set|,|is||set|,0
57,GameBoard,|set||turn|,|set||id|,|set||id|,3
57,GameBoard,|get||turn|,|get||max||id|,|get||max||id|,512
57,GameBoard,|set||board||state|,|set||id|,|set||id|,3
57,GameBoard,|get||board||state|,|get||mappings|,|get||mappings|,428
57,GameBoard,|set||winner|,|set||id|,|set||id|,3
57,GameBoard,|get||winner|,|get||max||id|,|get||max||id|,508
57,GameBoard,|set||is||draw|,|set||is||set|,|set||is||set|,1
57,GameBoard,|get||is||draw|,|is||set|,|is||set|,0
57,GameBoard,|is||full|,|is||empty|,|is||empty|,10
57,GameBoard,|set||move||count|,|set||max||count|,|set||max|,1454
57,GameBoard,|get||move||count|,|get||id|,|get||id|,2
57,TicTacToeService,|get||game||board|,|to||string|,|to||string|,144
57,TicTacToeService,|start||game|,execute,|xecut|,584
57,TicTacToeService,|join||game|,|create||test|,|create||create||table|,1104
57,TicTacToeService,move,|get||context||context|,|get||max||count|,665
57,PlayGame,main,create,|test||invalid||message|,735
57,PlayGame,|send||game||board||to||all||players|,|set||session|,|set||session|,70
57,PlayGame,stop,stop,|to|,570
56,PlayGame,main,add,|d|,69
56,PlayGame,|send||game||board||to||all||players|,|set||session|,|set||session|,70
56,PlayGame,stop,stop,|to|,570
88,PlayGame,main,add,|d|,69
88,PlayGame,|send||game||board||to||all||players|,|set||session|,|set||session|,70
88,PlayGame,stop,stop,|to|,570
66,Message,|is||move||validity|,|is||set|,|is||set|,0
66,Message,|set||move||validity|,|set||is||set|,|set||is||set|,1
66,Message,|get||code|,|get||id|,|get||id|,2
66,Message,|set||code|,|set||id|,|set||id|,3
66,Message,|get||message|,|get||message|,|get||message|,4
66,Message,|set||message|,|on||message|,|on||message|,5
66,GameBoard,|is||move||validity|,|is||set|,|is||set|,0
66,GameBoard,|set||move||validity|,|set||is||set|,|set||is||set|,1
66,GameBoard,|get||code|,|get||id|,|get||id|,2
66,GameBoard,|set||code|,|set||id|,|set||id|,3
66,GameBoard,|get||message|,|get||message|,|get||message|,4
66,GameBoard,|set||message|,|on||message|,|on||message|,5
66,Move,|get||player|,|get||output|,|get||output|,21
66,Move,|set||player|,|set||output|,|set||output|,7
66,Move,|get||move||x|,|get||id|,|get||id|,2
66,Move,|set||move||x|,|set||id|,|set||id|,3
66,Move,|get||move||y|,|get||id|,|get||id|,2
66,Move,|set||move||y|,|set||id|,|set||id|,3
66,Player,|get||type|,|get||value|,|get||value|,898
66,Player,|set||type|,|set||type||type|,|set||type||type|,558
66,Player,|get||id|,|get||id|,|get||id|,2
66,Player,|set||id|,|set||id|,|set||id|,3
66,PlayGame,|get||type|,|get||value|,|get||value|,898
66,PlayGame,|set||type|,|set||type||type|,|set||type||type|,558
66,PlayGame,|get||id|,|get||id|,|get||id|,2
66,PlayGame,|set||id|,|set||id|,|set||id|,3
66,UnitTest,|get||type|,|get||value|,|get||value|,898
66,UnitTest,|set||type|,|set||type||type|,|set||type||type|,562
66,UnitTest,|get||id|,|get||id|,|get||id|,2
66,UnitTest,|set||id|,|set||id|,|set||id|,3
66,ApiTest,|get||type|,|get||value|,|get||value|,898
66,ApiTest,|set||type|,|set||type||type|,|set||type||type|,558
66,ApiTest,|get||id|,|get||id|,|get||id|,2
66,ApiTest,|set||id|,|set||id|,|set||id|,3
26,PlayGame,main,add,|d|,69
26,PlayGame,|send||game||board||to||all||players|,|set||session|,|set||session|,70
26,PlayGame,stop,stop,|to|,570
6,PlayGame,main,add,|d|,69
6,PlayGame,|send||game||board||to||all||players|,|set||session|,|set||session|,70
6,PlayGame,stop,stop,|to|,617
54,Message,|is||move||validity|,|is||set|,|is||set|,0
54,Message,|set||move||validity|,|set||is||set|,|set||is||set|,1
54,Message,|get||code|,|get||id|,|get||id|,2
54,Message,|set||code|,|set||id|,|set||id|,3
54,Message,|get||message|,|get||message|,|get||message|,4
54,Message,|set||message|,|on||message|,|on||message|,5
54,GameBoard,|is||move||validity|,|is||set|,|is||set|,0
54,GameBoard,|set||move||validity|,|set||is||set|,|set||is||set|,1
54,GameBoard,|get||code|,|get||id|,|get||id|,2
54,GameBoard,|set||code|,|set||id|,|set||id|,3
54,GameBoard,|get||message|,|get||message|,|get||message|,4
54,GameBoard,|set||message|,|on||message|,|on||message|,5
54,Persister,restore,|get||query|,|get||query|,1573
54,Persister,save,execute,|xecut|,519
54,Player,|get||type|,|get||value|,|get||value|,898
54,Player,|set||type|,|set||type||type|,|set||type||type|,558
54,Player,|get||id|,|get||id|,|get||id|,2
54,Player,|set||id|,|set||id|,|set||id|,3
54,PlayGame,|get||type|,|get||value|,|get||value|,898
54,PlayGame,|set||type|,|set||type||type|,|set||type||type|,558
54,PlayGame,|get||id|,|get||id|,|get||id|,2
54,PlayGame,|set||id|,|set||id|,|set||id|,3
54,GameBoardTest,|get||type|,|get||value|,|get||value|,898
54,GameBoardTest,|set||type|,|set||type||type|,|set||type||type|,558
54,GameBoardTest,|get||id|,|get||id|,|get||id|,2
54,GameBoardTest,|set||id|,|set||id|,|set||id|,3
54,PersisterTest,init,run,|u|,603
54,PersisterTest,|init||test|,|test||update|,|test||simple|,1106
54,PersisterTest,|fresh||test|,|test||get|,|test||get|,180
54,PersisterTest,|save||test|,|test||history|,|test||history|,965
54,PersisterTest,|reinit||test|,|test||remove|,|test||remove|,1107
54,PersisterTest,|restore||test|,|test||get|,|test||get|,180
54,PlayGameTest,init,run,|u|,597
54,PlayGameTest,|persister||consistent||test|,|test||get|,|test||get|,180
54,PlayGameTest,|start||game||test||invalid||no||game|,|test||get|,|test||get|,180
54,PlayGameTest,|join||game||test||invalid||no||game|,|test||get|,|test||get|,180
54,PlayGameTest,|move||test||invalid||no||game|,|test||get|,|test||get|,180
54,PlayGameTest,|new||game||test|,|test||get|,|test||get|,180
54,PlayGameTest,|start||game||test||invalid||type||too||long|,|test||get|,|test||get|,180
54,PlayGameTest,|start||game||test||invalid||type||illegal||char|,|test||get|,|test||get|,180
54,PlayGameTest,|join||game||test||invalid||no||player|,|test||get|,|test||get|,180
54,PlayGameTest,|start||game||test||valid|,|test||get|,|test||get|,180
54,PlayGameTest,|join||game||test||valid|,|test||get|,|test||get|,180
54,PlayGameTest,|join||game||test||invalid||duplicate|,|test||get|,|test||get|,180
54,PlayGameTest,|move||test||invalid||bad||params|,|test||get|,|test||get|,180
54,PlayGameTest,|move||test||valid|,|test||get|,|test||get|,180
54,PlayGameTest,close,stop,|to|,570
63,PlayGame,main,add,|d|,69
63,PlayGame,|send||game||board||to||all||players|,|set||session|,|set||session|,70
63,PlayGame,stop,stop,|to|,570
83,PlayGame,main,add,|d|,69
83,PlayGame,|send||game||board||to||all||players|,|set||session|,|set||session|,70
83,PlayGame,stop,stop,|to|,570
60,Message,|get||move||validity|,|is||set|,|is||set|,0
60,Message,|get||code|,|get||id|,|get||id|,2
60,Message,|get||message|,|get||message|,|get||message|,4
60,Message,|set||move||validity|,|set||is||set|,|set||is||set|,1
60,Message,|set||code|,|set||id|,|set||id|,3
60,Message,|set||message|,set,|e|,6
60,GameBoard,|get||move||validity|,|is||set|,|is||set|,0
60,GameBoard,|get||code|,|get||id|,|get||id|,2
60,GameBoard,|get||message|,|get||message|,|get||message|,4
60,GameBoard,|set||move||validity|,|set||is||set|,|set||is||set|,1
60,GameBoard,|set||code|,|set||id|,|set||id|,3
60,GameBoard,|set||message|,set,|e|,6
60,Move,|get||player|,get,|e|,6
60,Move,|get||mx|,|get||id|,|get||id|,2
60,Move,|get||my|,|get||id|,|get||id|,2
60,Move,|set||player|,|set||output|,|set||output|,7
60,Move,|set||mx|,|set||id|,|set||id|,3
60,Move,|set||my|,|set||max||number|,|set||max|,1454
60,Player,|get||type|,|get||value|,|get||value|,898
60,Player,|get||id|,|get||id|,|get||id|,2
60,Player,|set||type|,|set||type||type|,|set||type||type|,558
60,Player,|set||id|,|set||id|,|set||id|,3
60,PlayGame,|get||type|,|get||value|,|get||value|,898
60,PlayGame,|get||id|,|get||id|,|get||id|,2
60,PlayGame,|set||type|,|set||type||type|,|set||type||type|,558
60,PlayGame,|set||id|,|set||id|,|set||id|,3
60,PlayGameTest,|get||type|,|get||value|,|get||value|,898
60,PlayGameTest,|get||id|,|get||id|,|get||id|,2
60,PlayGameTest,|set||type|,|set||type||type|,|set||type||type|,558
60,PlayGameTest,|set||id|,|set||id|,|set||id|,3
60,GameBoardTest,|get||type|,|get||value|,|get||value|,898
60,GameBoardTest,|get||id|,|get||id|,|get||id|,2
60,GameBoardTest,|set||type|,|set||type||type|,|set||type||type|,558
60,GameBoardTest,|set||id|,|set||id|,|set||id|,3
13,Message,|is||valid|,|is||set|,|is||set|,0
13,GameBoard,|is||valid|,|is||set|,|is||set|,0
13,Move,|get||player|,|get||output|,|get||output|,21
13,Move,|get||x|,|get||id|,|get||id|,2
13,Move,|get||y|,|get||id|,|get||id|,2
13,Player,|get||type|,|get||value|,|get||value|,898
13,Player,|get||id|,|get||id|,|get||id|,2
13,AlreadyOccupiedExcpetion,code,|get||max||count|,|get||max||count|,667
13,AlreadyOccupiedExcpetion,cause,|get||name|,|get||name|,668
13,InvalidPositionException,code,|get||max||count|,|get||max||count|,665
13,InvalidPositionException,cause,|get||name|,|get||name|,666
13,NotYourTurnException,code,|get||max||count|,|get||max||count|,665
13,NotYourTurnException,cause,|get||name|,|get||name|,666
13,BoardReceiver,|get||board|,|get||id|,|get||id|,2
13,BoardReceiver,await,close,|los|,455
13,BoardReceiver,stop,stop,|to|,570
13,BoardReceiver,|on||connect|,after,|fte|,679
13,BoardReceiver,|on||message|,|on||message|,|on||message|,5
13,GameTest,|get||board|,|get||id|,|get||id|,2
13,GameTest,await,close,|los|,455
13,GameTest,stop,stop,|to|,570
13,GameTest,|on||connect|,after,|fte|,674
13,GameTest,|on||message|,|on||message|,|on||message|,5
94,Message,|get||valid|,|is||set|,|is||set|,0
94,Message,|get||code|,|get||id|,|get||id|,2
94,Message,|get||msg|,|get||message|,|get||message|,4
94,GameBoard,|get||valid|,|is||set|,|is||set|,0
94,GameBoard,|get||code|,|get||id|,|get||id|,2
94,GameBoard,|get||msg|,|get||message|,|get||message|,4
94,Move,|get||x|,|get||id|,|get||id|,2
94,Move,|get||y|,|get||id|,|get||id|,2
94,Move,|get||player|,get,|e|,6
94,Player,|get||type|,|get||value|,|get||value|,898
94,Player,|get||id|,|get||id|,|get||id|,2
94,DatabaseLite,|get||type|,|get||value|,|get||value|,898
94,DatabaseLite,|get||id|,|get||id|,|get||id|,2
94,PlayGame,|get||type|,|get||value|,|get||value|,898
94,PlayGame,|get||id|,|get||id|,|get||id|,2
94,GameBoardTest,|get||type|,|get||value|,|get||value|,898
94,GameBoardTest,|get||id|,|get||id|,|get||id|,2
94,PlayGameTest,|get||type|,|get||value|,|get||value|,898
94,PlayGameTest,|get||id|,|get||id|,|get||id|,2
30,Message,|set||move||validity|,|set||is||set|,|set||is||set|,1
30,Message,|is||move||validity|,|is||set|,|is||set|,0
30,Message,|set||code|,|set||id|,|set||id|,3
30,Message,|get||code|,|get||id|,|get||id|,2
30,Message,|set||message|,|on||message|,|on||message|,5
30,Message,|get||message|,|get||message|,|get||message|,4
30,Message,|to||json|,|get||string|,|get||string|,117
30,GameBoard,|set||move||validity|,|set||is||set|,|set||is||set|,1
30,GameBoard,|is||move||validity|,|is||set|,|is||set|,0
30,GameBoard,|set||code|,|set||id|,|set||id|,3
30,GameBoard,|get||code|,|get||id|,|get||id|,2
30,GameBoard,|set||message|,|on||message|,|on||message|,5
30,GameBoard,|get||message|,|get||message|,|get||message|,4
30,GameBoard,|to||json|,|get||string|,|get||string|,117
30,Move,|set||player|,|set||output|,|set||output|,7
30,Move,|get||player|,|get||output|,|get||output|,21
30,Move,|set||move||x|,|set||id|,|set||id|,3
30,Move,|set||move||y|,|set||id|,|set||id|,3
30,Move,|get||move||x|,|get||id|,|get||id|,2
30,Move,|get||move||y|,|get||id|,|get||id|,2
30,Player,|set||id|,|set||id|,|set||id|,3
30,Player,|get||id|,|get||id|,|get||id|,2
30,Player,|set||type|,|set||type||type|,|set||type||type|,558
30,Player,|get||type|,|get||value|,|get||value|,898
30,Player,oppent,|get||value|,|get||value|,898
30,Database,|set||id|,|set||id|,|set||id|,3
30,Database,|get||id|,|get||id|,|get||id|,2
30,Database,|set||type|,|set||type||type|,|set||type||type|,558
30,Database,|get||type|,|get||value|,|get||value|,898
30,Database,oppent,|get||value|,|get||value|,898
30,PlayGame,|set||id|,|set||id|,|set||id|,3
30,PlayGame,|get||id|,|get||id|,|get||id|,2
30,PlayGame,|set||type|,|set||type||type|,|set||type||type|,558
30,PlayGame,|get||type|,|get||value|,|get||value|,898
30,PlayGame,oppent,|get||value|,|get||value|,898
30,MessageTest,|message||test|,|test||invalid||message|,|test||invalid||message|,821
30,MessageTest,|to||json||test|,|test||message|,|test||message|,181
30,MoveTest,|move||test|,|test||get||type|,|test||get||type|,738
30,GameBoardTest,|move||test|,|test||get||type|,|test||get||type|,737
30,PlayerTest,|player||test|,|test||get|,|test||get|,180
30,PlayerTest,|oppent||test|,|test||get|,|test||get|,180
30,PlayerTest,|oppent||test|,|test||get|,|test||get|,180
30,PlayerTest,|invalid||type||error|,|test||invalid||type|,|test||invalid||type|,828
30,DatabaseTest,init,|test||table||table|,|test||table||table|,749
30,DatabaseTest,|add||player||test|,|test||get|,|test||get|,180
30,DatabaseTest,|add||move||test|,|test||add|,|test||add|,748
30,DatabaseTest,|load||player||test|,|test||get|,|test||get|,180
30,DatabaseTest,|load||player||test|,|test||get|,|test||get|,180
30,DatabaseTest,|load||board||state||test|,|test||add|,|test||add|,745
30,DatabaseTest,|delete||table||test|,|test||table||table|,|test||table||table|,743
30,DatabaseTest,|delete||table||test|,|test||get||table|,|test||get||table|,759
30,DatabaseTest,stop,close,|los|,455
30,GameTest,init,|test||table||table|,|test||table||table|,743
30,GameTest,|add||player||test|,|test||get|,|test||get|,180
30,GameTest,|add||move||test|,|test||add|,|test||add|,745
30,GameTest,|load||player||test|,|test||get|,|test||get|,180
30,GameTest,|load||player||test|,|test||get|,|test||get|,180
30,GameTest,|load||board||state||test|,|test||add|,|test||add|,745
30,GameTest,|delete||table||test|,|test||table||table|,|test||table||table|,743
30,GameTest,|delete||table||test|,|test||get||table|,|test||get||table|,750
30,GameTest,stop,close,|los|,455
30,Message,|set||move||validity|,|set||is||set|,|set||is||set|,1
30,Message,|is||move||validity|,|is||set|,|is||set|,0
30,Message,|set||code|,|set||id|,|set||id|,3
30,Message,|get||code|,|get||id|,|get||id|,2
30,Message,|set||message|,|on||message|,|on||message|,5
30,Message,|get||message|,|get||message|,|get||message|,4
30,Message,|to||json|,|get||string|,|get||string|,117
30,GameBoard,|set||move||validity|,|set||is||set|,|set||is||set|,1
30,GameBoard,|is||move||validity|,|is||set|,|is||set|,0
30,GameBoard,|set||code|,|set||id|,|set||id|,3
30,GameBoard,|get||code|,|get||id|,|get||id|,2
30,GameBoard,|set||message|,|on||message|,|on||message|,5
30,GameBoard,|get||message|,|get||message|,|get||message|,4
30,GameBoard,|to||json|,|get||string|,|get||string|,117
30,Move,|set||player|,|set||output|,|set||output|,7
30,Move,|get||player|,|get||output|,|get||output|,21
30,Move,|set||move||x|,|set||id|,|set||id|,3
30,Move,|set||move||y|,|set||id|,|set||id|,3
30,Move,|get||move||x|,|get||id|,|get||id|,2
30,Move,|get||move||y|,|get||id|,|get||id|,2
30,Player,|set||id|,|set||id|,|set||id|,3
30,Player,|get||id|,|get||id|,|get||id|,2
30,Player,|set||type|,|set||type||type|,|set||type||type|,558
30,Player,|get||type|,|get||value|,|get||value|,898
30,Player,oppent,get,|e|,6
30,PlayGame,|set||id|,|set||id|,|set||id|,3
30,PlayGame,|get||id|,|get||id|,|get||id|,2
30,PlayGame,|set||type|,|set||type||type|,|set||type||type|,558
30,PlayGame,|get||type|,|get||value|,|get||value|,898
30,PlayGame,oppent,get,|e|,6
30,Message,|set||move||validity|,|set||is||set|,|set||is||set|,1
30,Message,|is||move||validity|,|is||set|,|is||set|,0
30,Message,|set||code|,|set||id|,|set||id|,3
30,Message,|get||code|,|get||id|,|get||id|,2
30,Message,|set||message|,|on||message|,|on||message|,5
30,Message,|get||message|,|get||message|,|get||message|,4
30,Message,|to||json|,|get||string|,|get||string|,117
30,GameBoard,|set||move||validity|,|set||is||set|,|set||is||set|,1
30,GameBoard,|is||move||validity|,|is||set|,|is||set|,0
30,GameBoard,|set||code|,|set||id|,|set||id|,3
30,GameBoard,|get||code|,|get||id|,|get||id|,2
30,GameBoard,|set||message|,|on||message|,|on||message|,5
30,GameBoard,|get||message|,|get||message|,|get||message|,4
30,GameBoard,|to||json|,|get||string|,|get||string|,117
30,Move,|set||player|,|set||output|,|set||output|,7
30,Move,|get||player|,|get||output|,|get||output|,21
30,Move,|set||move||x|,|set||id|,|set||id|,3
30,Move,|set||move||y|,|set||id|,|set||id|,3
30,Move,|get||move||x|,|get||id|,|get||id|,2
30,Move,|get||move||y|,|get||id|,|get||id|,2
30,Player,|set||id|,|set||id|,|set||id|,3
30,Player,|get||id|,|get||id|,|get||id|,2
30,Player,|set||type|,|set||type||type|,|set||type||type|,558
30,Player,|get||type|,|get||value|,|get||value|,898
30,Player,oppent,|get||value|,|get||value|,898
30,PlayGame,|set||id|,|set||id|,|set||id|,3
30,PlayGame,|get||id|,|get||id|,|get||id|,2
30,PlayGame,|set||type|,|set||type||type|,|set||type||type|,558
30,PlayGame,|get||type|,|get||value|,|get||value|,898
30,PlayGame,oppent,|get||value|,|get||value|,898
30,MessageTest,|message||test|,|test||invalid||message|,|test||invalid||message|,735
30,MessageTest,|to||json||test|,|test||message|,|test||message|,181
30,MoveTest,|move||test|,|test||get||type|,|test||get||type|,737
30,GameBoardTest,|move||test|,|test||get||type|,|test||get||type|,737
30,PlayerTest,|player||test|,|test||get|,|test||get|,180
30,PlayerTest,|oppent||test|,|test||get|,|test||get|,180
30,PlayerTest,|oppent||test|,|test||get|,|test||get|,180
30,PlayerTest,|invalid||type||error|,|test||invalid||type|,|test||invalid||type|,742
30,GameTest,|player||test|,|test||get|,|test||get|,180
30,GameTest,|oppent||test|,|test||get|,|test||get|,180
30,GameTest,|oppent||test|,|test||get|,|test||get|,180
30,GameTest,|invalid||type||error|,|test||invalid||type|,|test||invalid||type|,742
76,PlayGame,main,add,|d|,69
76,PlayGame,|send||game||board||to||all||players|,|set||session|,|set||session|,70
76,PlayGame,stop,stop,|to|,570
105,PlayGame,main,add,|d|,69
105,PlayGame,|send||game||board||to||all||players|,|set||session|,|set||session|,70
105,PlayGame,stop,stop,|to|,570
51,Message,|is||move||validity|,|is||set|,|is||set|,0
51,Message,|set||move||validity|,|set||is||set|,|set||is||set|,1
51,Message,|get||code|,|get||id|,|get||id|,2
51,Message,|set||code|,|set||id|,|set||id|,3
51,Message,|get||message|,|get||message|,|get||message|,4
51,Message,|set||message|,|on||message|,|on||message|,5
51,GameBoard,|get||p|,get,|e|,6
51,GameBoard,|set||p|,|set||output|,|set||output|,7
51,GameBoard,|get||p|,get,|e|,6
51,GameBoard,|set||p|,|set||output|,|set||output|,7
51,GameBoard,|is||game||started|,|is||empty|,|is||empty|,10
51,GameBoard,|set||game||started|,|set||transaction|,|set||transaction|,11
51,GameBoard,|get||turn|,|get||id|,|get||id|,2
51,GameBoard,|set||turn|,|set||id|,|set||id|,3
51,GameBoard,|get||board||state|,|get||property|,|get||property|,14
51,GameBoard,|set||board||state|,|set||id|,|set||id|,3
51,GameBoard,|get||winner|,|get||id|,|get||id|,2
51,GameBoard,|set||winner|,|set||id|,|set||id|,3
51,GameBoard,|is||draw|,|is||empty|,|is||empty|,10
51,GameBoard,|set||draw|,|set||is||set|,|set||is||set|,1
51,Move,|get||player|,|get||output|,|get||output|,21
51,Move,|set||player|,|set||output|,|set||output|,7
51,Move,|get||move||x|,|get||id|,|get||id|,2
51,Move,|set||move||x|,|set||id|,|set||id|,3
51,Move,|get||move||y|,|get||id|,|get||id|,2
51,Move,|set||move||y|,|set||id|,|set||id|,3
51,Player,|get||type|,|get||value|,|get||value|,898
51,Player,|set||type|,|set||type||type|,|set||type||type|,558
51,Player,|get||id|,|get||id|,|get||id|,2
51,Player,|set||id|,|set||id|,|set||id|,3
51,PlayGame,|get||type|,|get||value|,|get||value|,898
51,PlayGame,|set||type|,|set||type||type|,|set||type||type|,558
51,PlayGame,|get||id|,|get||id|,|get||id|,2
51,PlayGame,|set||id|,|set||id|,|set||id|,3
51,GameTest,init,run,|u|,597
51,GameTest,|start||new||game|,run,|u|,597
51,GameTest,|new||game||test|,|test||get|,|test||get|,180
51,GameTest,|start||game||test|,|test||get|,|test||get|,180
51,GameTest,|finish||game|,run,|u|,597
51,GameTest,close,stop,|to|,570
101,PlayGame,main,add,|d|,69
101,PlayGame,|send||game||board||to||all||players|,|set||session|,|set||session|,70
101,PlayGame,stop,stop,|to|,570
91,PlayGame,main,add,|d|,69
91,PlayGame,|send||game||board||to||all||players|,|set||session|,|set||session|,70
91,PlayGame,stop,stop,|to|,570
73,Message,|get||message|,|get||string|,|get||string|,117
73,Message,|get||move||validity|,|is||set|,|is||set|,0
73,Message,|get||code|,|get||id|,|get||id|,2
73,Message,|get||message||body|,|get||message|,|get||message|,4
73,GameBoard,|get||message|,|get||string|,|get||string|,117
73,GameBoard,|get||move||validity|,|is||set|,|is||set|,0
73,GameBoard,|get||code|,|get||id|,|get||id|,2
73,GameBoard,|get||message||body|,|get||message|,|get||message|,4
73,Move,|get||move||x|,|get||id|,|get||id|,2
73,Move,|get||move||y|,|get||id|,|get||id|,2
73,Move,|get||player|,|get||output|,|get||output|,21
73,Player,|get||type|,|get||value|,|get||value|,898
73,Player,|get||id|,|get||id|,|get||id|,2
73,PlayGame,|get||type|,|get||value|,|get||value|,930
73,PlayGame,|get||id|,|get||id|,|get||id|,2
73,GameTest,|get||type|,|get||value|,|get||value|,898
73,GameTest,|get||id|,|get||id|,|get||id|,2
73,UnitTest,|get||type|,|get||value|,|get||value|,898
73,UnitTest,|get||id|,|get||id|,|get||id|,2
20,PlayGame,main,add,|d|,69
20,PlayGame,|send||game||board||to||all||players|,|set||session|,|set||session|,70
20,PlayGame,stop,stop,|to|,570
10,PlayGame,main,add,|d|,69
10,PlayGame,|send||game||board||to||all||players|,|set||session|,|set||session|,70
10,PlayGame,stop,stop,|to|,570
17,Message,|is||move||validity|,|is||set|,|is||set|,0
17,Message,|set||move||validity|,|set||is||set|,|set||is||set|,1
17,Message,|get||code|,|get||id|,|get||id|,2
17,Message,|set||code|,|set||id|,|set||id|,3
17,Message,|get||message|,|get||message|,|get||message|,4
17,Message,|set||message|,|on||message|,|on||message|,5
17,Message,|to||json|,|get||string|,|get||string|,117
17,GameBoard,|is||move||validity|,|is||set|,|is||set|,0
17,GameBoard,|set||move||validity|,|set||is||set|,|set||is||set|,1
17,GameBoard,|get||code|,|get||id|,|get||id|,2
17,GameBoard,|set||code|,|set||id|,|set||id|,3
17,GameBoard,|get||message|,|get||message|,|get||message|,4
17,GameBoard,|set||message|,|on||message|,|on||message|,5
17,GameBoard,|to||json|,|get||string|,|get||string|,117
17,Move,|get||player|,|get||output|,|get||output|,21
17,Move,|set||player|,|set||output|,|set||output|,7
17,Move,|get||move||x|,|get||id|,|get||id|,2
17,Move,|set||move||x|,|set||id|,|set||id|,3
17,Move,|get||move||y|,|get||id|,|get||id|,2
17,Move,|set||move||y|,|set||id|,|set||id|,3
17,Player,|get||type|,|get||value|,|get||value|,898
17,Player,|set||type|,|set||type||type|,|set||type||type|,558
17,Player,|get||id|,|get||id|,|get||id|,2
17,Player,|set||id|,|set||id|,|set||id|,3
17,SqliteDatabase,|get||type|,|get||value|,|get||value|,898
17,SqliteDatabase,|set||type|,|set||type||type|,|set||type||type|,558
17,SqliteDatabase,|get||id|,|get||id|,|get||id|,2
17,SqliteDatabase,|set||id|,|set||id|,|set||id|,3
17,PlayGame,|get||type|,|get||value|,|get||value|,898
17,PlayGame,|set||type|,|set||type||type|,|set||type||type|,558
17,PlayGame,|get||id|,|get||id|,|get||id|,2
17,PlayGame,|set||id|,|set||id|,|set||id|,3
17,PlayGameTest,|get||type|,|get||value|,|get||value|,898
17,PlayGameTest,|set||type|,|set||type||type|,|set||type||type|,558
17,PlayGameTest,|get||id|,|get||id|,|get||id|,2
17,PlayGameTest,|set||id|,|set||id|,|set||id|,3
17,MessageTest,|test||message||contructor|,|test||invalid|,|test||invalid|,178
17,MessageTest,|test||set||move||validity|,|test||invalid|,|test||invalid|,178
17,MessageTest,|test||set||code|,|test||get|,|test||get|,180
17,MessageTest,|test||set||message|,|test||message|,|test||message|,181
17,MessageTest,|test||to||json|,|test||invalid|,|test||invalid|,178
17,MoveTest,|test||move||contructor|,|test||get|,|test||get|,180
17,MoveTest,|test||set||player|,|test||get|,|test||get|,180
17,MoveTest,|test||set||move||x|,|test||revisions|,|test||revisions|,132
17,MoveTest,|test||set||move||y|,|test||revisions|,|test||revisions|,132
17,GameBoardTest,|test||move||contructor|,|test||get|,|test||get|,180
17,GameBoardTest,|test||set||player|,|test||get|,|test||get|,180
17,GameBoardTest,|test||set||move||x|,|test||revisions|,|test||revisions|,132
17,GameBoardTest,|test||set||move||y|,|test||revisions|,|test||revisions|,132
17,SqliteDatabaseTest,|test||move||contructor|,|test||get|,|test||get|,180
17,SqliteDatabaseTest,|test||set||player|,|test||get|,|test||get|,180
17,SqliteDatabaseTest,|test||set||move||x|,|test||revisions|,|test||revisions|,132
17,SqliteDatabaseTest,|test||set||move||y|,|test||revisions|,|test||revisions|,132
17,PlayerTest,|test||move||contructor|,|test||get||id|,|test||get||id|,191
17,PlayerTest,|test||set||type|,|test||get||type|,|test||get||type|,737
17,PlayerTest,|test||set||id|,|test||history|,|test||history|,600
53,Message,|get||validity|,|is||set|,|is||set|,0
53,Message,|get||code|,|get||id|,|get||id|,2
53,Message,|get||message|,|get||message|,|get||message|,4
53,GameBoard,|get||validity|,|is||set|,|is||set|,0
53,GameBoard,|get||code|,|get||id|,|get||id|,2
53,GameBoard,|get||message|,|get||message|,|get||message|,4
53,Move,|get||x|,|get||id|,|get||id|,2
53,Move,|get||y|,|get||id|,|get||id|,2
53,Move,|get||player||id|,|get||id|,|get||id|,2
53,Move,|get||player||type|,|get||value|,|get||value|,898
53,Player,|get||type|,|get||value|,|get||value|,898
53,Player,|get||id|,|get||id|,|get||id|,2
53,Database,|get||type|,|get||value|,|get||value|,898
53,Database,|get||id|,|get||id|,|get||id|,2
53,PlayGame,|get||type|,|get||value|,|get||value|,898
53,PlayGame,|get||id|,|get||id|,|get||id|,2
53,RecoveryTest,|get||type|,|get||value|,|get||value|,898
53,RecoveryTest,|get||id|,|get||id|,|get||id|,2
53,GameTest,|get||type|,|get||value|,|get||value|,898
53,GameTest,|get||id|,|get||id|,|get||id|,2
53,DatabaseTest,|get||type|,|get||value|,|get||value|,898
53,DatabaseTest,|get||id|,|get||id|,|get||id|,2
18,PlayGame,main,add,|d|,69
18,PlayGame,|send||game||board||to||all||players|,|set||session|,|set||session|,70
18,PlayGame,stop,stop,|to|,570
69,Message,|get||move||validity|,|is||set|,|is||set|,0
69,Message,|get||code|,|get||id|,|get||id|,2
69,Message,|get||message|,|get||message|,|get||message|,4
69,GameBoard,|get||move||validity|,|is||set|,|is||set|,0
69,GameBoard,|get||code|,|get||id|,|get||id|,2
69,GameBoard,|get||message|,|get||message|,|get||message|,4
69,Move,|get||player|,get,|e|,6
69,Move,|get||move||x|,|get||id|,|get||id|,2
69,Move,|get||move||y|,|get||id|,|get||id|,2
69,Player,|get||type|,|get||value|,|get||value|,898
69,Player,|get||id|,|get||id|,|get||id|,2
69,PlayGame,|get||type|,|get||value|,|get||value|,898
69,PlayGame,|get||id|,|get||id|,|get||id|,2
11,PlayGame,main,add,|d|,69
11,PlayGame,|send||game||board||to||all||players|,|set||session|,|set||session|,70
11,PlayGame,stop,stop,|to|,570
1,Message,|set||move||validity|,|set||is||set|,|set||is||set|,1
1,Message,|set||code|,|set||id|,|set||id|,3
1,Message,|set||message|,|on||message|,|on||message|,5
1,Message,|get||move||validity|,|is||set|,|is||set|,0
1,Message,|get||code|,|get||id|,|get||id|,2
1,Message,|get||message|,|get||message|,|get||message|,4
1,GameBoard,|set||player|,|set||output|,|set||output|,7
1,GameBoard,|set||player|,|set||output|,|set||output|,7
1,GameBoard,|set||game||started|,|set||transaction|,|set||transaction|,11
1,GameBoard,|set||turn|,|set||id|,|set||id|,3
1,GameBoard,|set||board||state|,|set||type|,|set||type|,1333
1,GameBoard,|set||winner|,|set||id|,|set||id|,3
1,GameBoard,|set||is||draw|,|set||is||set|,|set||is||set|,1
1,GameBoard,|get||player|,get,|e|,6
1,GameBoard,|get||player|,get,|e|,6
1,GameBoard,|get||game||started|,|is||empty|,|is||empty|,10
1,GameBoard,|get||turn|,|get||id|,|get||id|,2
1,GameBoard,|get||board||state|,|get||property|,|get||property|,14
1,GameBoard,|get||winner|,|get||id|,|get||id|,2
1,GameBoard,|get||is||draw|,|is||empty|,|is||empty|,10
1,Move,|set||player|,|set||output|,|set||output|,7
1,Move,|set||moxe||x|,|set||id|,|set||id|,3
1,Move,|set||move||y|,|set||id|,|set||id|,3
1,Move,|get||player|,|get||output|,|get||output|,21
1,Move,|get||move||x|,|get||id|,|get||id|,2
1,Move,|get||move||y|,|get||id|,|get||id|,2
1,Player,|set||type|,|set||type||type|,|set||type||type|,558
1,Player,|get||type|,|get||value|,|get||value|,898
1,Player,|get||id|,|get||id|,|get||id|,2
1,PlayGame,|set||type|,|set||type||type|,|set||type||type|,558
1,PlayGame,|get||type|,|get||value|,|get||value|,898
1,PlayGame,|get||id|,|get||id|,|get||id|,2
3,Message,|get||move||validity|,|is||set|,|is||set|,0
3,Message,|set||move||validity|,|set||is||set|,|set||is||set|,1
3,Message,|get||code|,|get||id|,|get||id|,2
3,Message,|set||code|,|set||id|,|set||id|,3
3,Message,|get||message|,|get||message|,|get||message|,4
3,Message,|set||message|,|on||message|,|on||message|,5
3,Message,|to||json|,|get||string|,|get||string|,117
3,GameBoard,|get||move||validity|,|is||set|,|is||set|,0
3,GameBoard,|set||move||validity|,|set||is||set|,|set||is||set|,1
3,GameBoard,|get||code|,|get||id|,|get||id|,2
3,GameBoard,|set||code|,|set||id|,|set||id|,3
3,GameBoard,|get||message|,|get||message|,|get||message|,4
3,GameBoard,|set||message|,|on||message|,|on||message|,5
3,GameBoard,|to||json|,|get||string|,|get||string|,117
3,Move,|get||player|,|get||output|,|get||output|,21
3,Move,|set||player|,|set||output|,|set||output|,7
3,Move,|get||move||x|,|get||id|,|get||id|,2
3,Move,|set||move||x|,|set||id|,|set||id|,3
3,Move,|get||move||y|,|get||id|,|get||id|,2
3,Move,|set||move||y|,|set||id|,|set||id|,3
3,Player,|get||id|,|get||id|,|get||id|,2
3,Player,|get||type|,|get||value|,|get||value|,898
3,Player,|get||opposing||type|,get,|e|,6
3,Player,|set||type|,|set||type||type|,|set||type||type|,558
3,Player,|set||id|,|set||id|,|set||id|,3
3,PlayGame,|get||id|,|get||id|,|get||id|,2
3,PlayGame,|get||type|,|get||value|,|get||value|,898
3,PlayGame,|get||opposing||type|,get,|e|,6
3,PlayGame,|set||type|,|set||type||type|,|set||type||type|,558
3,PlayGame,|set||id|,|set||id|,|set||id|,3
32,Message,|get||move||validity|,|is||set|,|is||set|,0
32,Message,|get||code|,|get||id|,|get||id|,2
32,Message,|get||message|,|get||message|,|get||message|,4
32,Message,|set||move||validity|,|set||is||set|,|set||is||set|,1
32,Message,|set||code|,|set||id|,|set||id|,3
32,Message,|set||message|,|on||message|,|on||message|,5
32,GameBoard,|get||move||validity|,|is||set|,|is||set|,0
32,GameBoard,|get||code|,|get||id|,|get||id|,2
32,GameBoard,|get||message|,|get||message|,|get||message|,4
32,GameBoard,|set||move||validity|,|set||is||set|,|set||is||set|,1
32,GameBoard,|set||code|,|set||id|,|set||id|,3
32,GameBoard,|set||message|,|on||message|,|on||message|,5
32,Move,|get||player|,|get||output|,|get||output|,21
32,Move,|set||player|,|set||output|,|set||output|,7
32,Move,|get||move||x|,|get||id|,|get||id|,2
32,Move,|set||move||x|,|set||id|,|set||id|,3
32,Move,|get||move||y|,|get||id|,|get||id|,2
32,Move,|set||move||y|,|set||id|,|set||id|,3
32,Player,|get||id|,|get||id|,|get||id|,2
32,Player,|get||type|,|get||value|,|get||value|,898
32,Player,|set||id|,|set||id|,|set||id|,3
32,Player,|set||type|,|set||type||type|,|set||type||type|,558
32,MyDatabase,|get||id|,|get||id|,|get||id|,2
32,MyDatabase,|get||type|,|get||value|,|get||value|,898
32,MyDatabase,|set||id|,|set||id|,|set||id|,3
32,MyDatabase,|set||type|,|set||type||type|,|set||type||type|,558
32,PlayGame,|get||id|,|get||id|,|get||id|,2
32,PlayGame,|get||type|,|get||value|,|get||value|,898
32,PlayGame,|set||id|,|set||id|,|set||id|,3
32,PlayGame,|set||type|,|set||type||type|,|set||type||type|,558
32,UnitTest,|get||id|,|get||id|,|get||id|,2
32,UnitTest,|get||type|,|get||value|,|get||value|,898
32,UnitTest,|set||id|,|set||id|,|set||id|,3
32,UnitTest,|set||type|,|set||type||type|,|set||type||type|,558
32,DataBaseTest,|create||connection||test|,setup,|etu|,1109
32,DataBaseTest,|create||table||test|,|create||create||table|,|create||create||table|,1110
32,DataBaseTest,|clean||table||test|,|test||up|,|test||up|,1111
32,DataBaseTest,|add||move||test|,|test||simple|,|test||simple|,1112
32,DataBaseTest,|update||game||board||test|,|test||remove|,|test||remove|,601
32,DataBaseTest,|recovery||from||database||test|,|test||get|,|test||get|,180
32,RobustnessTest,|create||connection||test|,setup,|etu|,1103
32,RobustnessTest,|create||table||test|,|create||create||table|,|create||create||table|,1104
32,RobustnessTest,|clean||table||test|,|test||up|,|test||up|,1105
32,RobustnessTest,|add||move||test|,|test||simple|,|test||simple|,1106
32,RobustnessTest,|update||game||board||test|,|test||remove|,|test||remove|,601
32,RobustnessTest,|recovery||from||database||test|,|test||get|,|test||get|,180
32,GameTest,|create||connection||test|,setup,|etu|,1103
32,GameTest,|create||table||test|,|create||create||table|,|create||create||table|,1104
32,GameTest,|clean||table||test|,|test||up|,|test||up|,1105
32,GameTest,|add||move||test|,|test||simple|,|test||simple|,1106
32,GameTest,|update||game||board||test|,|test||remove|,|test||remove|,601
32,GameTest,|recovery||from||database||test|,|test||get|,|test||get|,180
78,PlayGame,main,add,|d|,69
78,PlayGame,|send||game||board||to||all||players|,|set||session|,|set||session|,70
78,PlayGame,stop,stop,|to|,570
79,PlayGame,main,add,|d|,69
79,PlayGame,|send||game||board||to||all||players|,|set||session|,|set||session|,70
79,PlayGame,stop,stop,|to|,570
12,PlayGame,main,add,|d|,69
12,PlayGame,|send||game||board||to||all||players|,|set||session|,|set||session|,70
12,PlayGame,stop,stop,|to|,570
15,PlayGame,main,add,|d|,69
15,PlayGame,|send||game||board||to||all||players|,|set||session|,|set||session|,70
15,PlayGame,stop,stop,|to|,570
52,PlayGame,main,add,|d|,69
52,PlayGame,|send||game||board||to||all||players|,|set||session|,|set||session|,70
52,PlayGame,stop,stop,|to|,570
44,PlayGame,main,add,|d|,69
44,PlayGame,|send||game||board||to||all||players|,|set||session|,|set||session|,70
44,PlayGame,stop,stop,|to|,570
49,Message,|get||message||code|,|get||id|,|get||id|,2
49,GameBoard,|get||message||code|,|get||id|,|get||id|,2
49,Move,|get||player|,get,|e|,6
49,Move,|get||x|,|get||id|,|get||id|,2
49,Move,|get||y|,|get||id|,|get||id|,2
49,Player,|change||player||type|,|set||type||type|,|set||type||type|,558
49,Player,|get||player||type|,|get||value|,|get||value|,898
49,Player,|get||player||id|,|get||id|,|get||id|,2
49,PlayGame,|change||player||type|,|set||type||type|,|set||type||type|,558
49,PlayGame,|get||player||type|,|get||value|,|get||value|,898
49,PlayGame,|get||player||id|,|get||id|,|get||id|,2
47,Message,|get||move||validity|,|is||set|,|is||set|,0
47,Message,|set||move||validity|,|set||is||set|,|set||is||set|,1
47,Message,|get||code|,|get||id|,|get||id|,2
47,Message,|set||code|,|set||id|,|set||id|,3
47,Message,|get||message|,|get||message|,|get||message|,4
47,Message,|set||message|,|on||message|,|on||message|,5
47,GameBoard,|get||move||validity|,|is||set|,|is||set|,0
47,GameBoard,|set||move||validity|,|set||is||set|,|set||is||set|,1
47,GameBoard,|get||code|,|get||id|,|get||id|,2
47,GameBoard,|set||code|,|set||id|,|set||id|,3
47,GameBoard,|get||message|,|get||message|,|get||message|,4
47,GameBoard,|set||message|,|on||message|,|on||message|,5
47,Move,|get||player|,|get||output|,|get||output|,21
47,Move,|set||player|,|set||output|,|set||output|,7
47,Move,|get||move||x|,|get||id|,|get||id|,2
47,Move,|set||move||x|,|set||id|,|set||id|,3
47,Move,|get||move||y|,|get||id|,|get||id|,2
47,Move,|set||move||y|,|set||id|,|set||id|,3
47,Player,|get||type|,|get||value|,|get||value|,898
47,Player,|set||type|,|set||type||type|,|set||type||type|,558
47,Player,|get||id|,|get||id|,|get||id|,2
47,Player,|set||id|,|set||id|,|set||id|,3
47,GameDatabase,|get||type|,|get||value|,|get||value|,898
47,GameDatabase,|set||type|,|set||type||type|,|set||type||type|,558
47,GameDatabase,|get||id|,|get||id|,|get||id|,2
47,GameDatabase,|set||id|,|set||id|,|set||id|,3
47,PlayGame,|get||type|,|get||value|,|get||value|,898
47,PlayGame,|set||type|,|set||type||type|,|set||type||type|,558
47,PlayGame,|get||id|,|get||id|,|get||id|,2
47,PlayGame,|set||id|,|set||id|,|set||id|,3
47,GameRebootTest,|get||type|,|get||value|,|get||value|,898
47,GameRebootTest,|set||type|,|set||type||type|,|set||type||type|,558
47,GameRebootTest,|get||id|,|get||id|,|get||id|,2
47,GameRebootTest,|set||id|,|set||id|,|set||id|,3
47,GameTest,|get||type|,|get||value|,|get||value|,898
47,GameTest,|set||type|,|set||type||type|,|set||type||type|,558
47,GameTest,|get||id|,|get||id|,|get||id|,2
47,GameTest,|set||id|,|set||id|,|set||id|,3
47,GameBoardTest,|get||type|,|get||value|,|get||value|,898
47,GameBoardTest,|set||type|,|set||type||type|,|set||type||type|,558
47,GameBoardTest,|get||id|,|get||id|,|get||id|,2
47,GameBoardTest,|set||id|,|set||id|,|set||id|,3
103,PlayGame,main,add,|d|,69
103,PlayGame,|send||game||board||to||all||players|,|set||session|,|set||session|,70
103,PlayGame,stop,stop,|to|,570
64,PlayGame,main,add,|d|,69
64,PlayGame,|send||game||board||to||all||players|,|set||session|,|set||session|,70
64,PlayGame,stop,stop,|to|,570
104,PlayGame,main,add,|d|,69
104,PlayGame,|send||game||board||to||all||players|,|set||session|,|set||session|,70
104,PlayGame,stop,stop,|to|,570
74,PlayGame,main,add,|d|,69
74,PlayGame,|send||game||board||to||all||players|,|set||session|,|set||session|,70
74,PlayGame,stop,stop,|to|,570
85,PlayGame,main,add,|d|,69
85,PlayGame,|send||game||board||to||all||players|,|set||session|,|set||session|,70
85,PlayGame,stop,stop,|to|,570
62,Move,|get||player||id|,|get||id|,|get||id|,2
62,Move,|get||move||x|,|get||id|,|get||id|,2
62,Move,|get||move||y|,|get||id|,|get||id|,2
62,Player,|get||type|,|get||value|,|get||value|,898
62,Player,|get||player||id|,|get||id|,|get||id|,2
62,PlayGame,|get||type|,|get||value|,|get||value|,898
62,PlayGame,|get||player||id|,|get||id|,|get||id|,2
98,PlayGame,main,add,|d|,69
98,PlayGame,|send||game||board||to||all||players|,|set||session|,|set||session|,70
98,PlayGame,stop,stop,|to|,570
21,PlayGame,main,add,|d|,69
21,PlayGame,|send||game||board||to||all||players|,|set||session|,|set||session|,70
21,PlayGame,stop,stop,|to|,570
46,PlayGame,main,add,|d|,69
46,PlayGame,|send||game||board||to||all||players|,|set||session|,|set||session|,70
46,PlayGame,stop,stop,|to|,570
86,PlayGame,main,add,|d|,69
86,PlayGame,|send||game||board||to||all||players|,|set||session|,|set||session|,70
86,PlayGame,stop,stop,|to|,570
31,PlayGame,main,add,|d|,69
31,PlayGame,|send||game||board||to||all||players|,|set||session|,|set||session|,70
31,PlayGame,stop,stop,|to|,570
68,Message,|set||full||message|,set,|e|,6
68,Message,|get||move||validity|,|is||set|,|is||set|,0
68,Message,|set||move||validity|,|set||is||set|,|set||is||set|,1
68,Message,|get||code|,|get||id|,|get||id|,2
68,Message,|set||code|,|set||id|,|set||id|,3
68,Message,|get||message|,|get||message|,|get||message|,4
68,Message,|set||message|,|on||message|,|on||message|,5
68,GameBoard,|get||p|,get,|e|,6
68,GameBoard,|set||p|,|set||output|,|set||output|,7
68,GameBoard,|get||p|,get,|e|,6
68,GameBoard,|set||p|,|set||output|,|set||output|,7
68,GameBoard,|is||game||started|,|is||empty|,|is||empty|,10
68,GameBoard,|set||game||started|,|set||transaction|,|set||transaction|,11
68,GameBoard,|get||turn|,|get||id|,|get||id|,2
68,GameBoard,|set||turn|,|set||id|,|set||id|,3
68,GameBoard,|get||board||state|,|get||property|,|get||property|,14
68,GameBoard,|set||board||state|,|set||size|,|set||hash||code|,1484
68,GameBoard,|get||winner|,|get||id|,|get||id|,2
68,GameBoard,|set||winner|,|set||id|,|set||id|,3
68,GameBoard,|is||draw|,|is||empty|,|is||empty|,10
68,GameBoard,|set||draw|,|set||is||is||set|,|is||set|,0
68,Move,|get||player|,|get||output|,|get||output|,21
68,Move,|set||player|,|set||output|,|set||output|,7
68,Move,|get||move||x|,|get||id|,|get||id|,2
68,Move,|set||move||x|,|set||id|,|set||id|,3
68,Move,|get||move||y|,|get||id|,|get||id|,2
68,Move,|set||move||y|,|set||id|,|set||id|,3
68,Player,|get||type|,|get||value|,|get||value|,898
68,Player,|set||type|,|set||type||type|,|set||type||type|,558
68,Player,|get||id|,|get||id|,|get||id|,2
68,Player,|set||id|,|set||id|,|set||id|,3
68,GameState,|get||game||state|,|get||count|,|get||count|,1261
68,PlayGame,|get||game||state|,|get||count|,|get||count|,1260
68,GameTest,|get||game||state|,|get||count|,|get||count|,1260
19,Message,|getmove||validity|,|is||set|,|is||set|,0
19,Message,|setmove||validity|,|set||is||set|,|set||is||set|,1
19,Message,getcode,|get||id|,|get||id|,2
19,Message,setcode,|set||id|,|set||id|,3
19,Message,getmessage,|get||message|,|get||message|,4
19,Message,setmessage,|on||message|,|on||message|,5
19,GameBoard,|getmove||validity|,|is||set|,|is||set|,0
19,GameBoard,|setmove||validity|,|set||is||set|,|set||is||set|,1
19,GameBoard,getcode,|get||id|,|get||id|,2
19,GameBoard,setcode,|set||id|,|set||id|,3
19,GameBoard,getmessage,|get||message|,|get||message|,4
19,GameBoard,setmessage,|on||message|,|on||message|,5
19,Move,getplay,|get||output|,|get||output|,21
19,Move,setplayer,|set||output|,|set||output|,7
19,Move,|getmove||x|,|get||id|,|get||id|,2
19,Move,|setmove||x|,|set||id|,|set||id|,3
19,Move,|getmove||y|,|get||id|,|get||id|,2
19,Move,|setmove||y|,|set||id|,|set||id|,3
19,Player,gettype,|get||value|,|get||value|,898
19,Player,settype,|set||type||type|,|set||type||type|,558
19,Player,getid,|get||id|,|get||id|,2
19,Player,setid,|set||id|,|set||id|,3
19,DatabaseJdbc,gettype,|get||value|,|get||value|,898
19,DatabaseJdbc,settype,|set||type||type|,|set||type||type|,558
19,DatabaseJdbc,getid,|get||id|,|get||id|,2
19,DatabaseJdbc,setid,|set||id|,|set||id|,3
19,PlayGame,gettype,|get||value|,|get||value|,898
19,PlayGame,settype,|set||type||type|,|set||type||type|,558
19,PlayGame,getid,|get||id|,|get||id|,2
19,PlayGame,setid,|set||id|,|set||id|,3
19,GameFailTest,gettype,|get||value|,|get||value|,898
19,GameFailTest,settype,|set||type||type|,|set||type||type|,558
19,GameFailTest,getid,|get||id|,|get||id|,2
19,GameFailTest,setid,|set||id|,|set||id|,3
19,GameWinTest,gettype,|get||value|,|get||value|,898
19,GameWinTest,settype,|set||type||type|,|set||type||type|,558
19,GameWinTest,getid,|get||id|,|get||id|,2
19,GameWinTest,setid,|set||id|,|set||id|,3
19,GameCrashTest,gettype,|get||value|,|get||value|,898
19,GameCrashTest,settype,|set||type||type|,|set||type||type|,558
19,GameCrashTest,getid,|get||id|,|get||id|,2
19,GameCrashTest,setid,|set||id|,|set||id|,3
19,DatabaseMethodTest,gettype,|get||value|,|get||value|,898
19,DatabaseMethodTest,settype,|set||type||type|,|set||type||type|,558
19,DatabaseMethodTest,getid,|get||id|,|get||id|,2
19,DatabaseMethodTest,setid,|set||id|,|set||id|,3
19,MethodTest,gettype,|get||value|,|get||value|,898
19,MethodTest,settype,|set||type||type|,|set||type||type|,558
19,MethodTest,getid,|get||id|,|get||id|,2
19,MethodTest,setid,|set||id|,|set||id|,3
102,Message,|get||move||validity|,|is||set|,|is||set|,0
102,Message,|get||code|,|get||id|,|get||id|,2
102,Message,|get||message|,|get||message|,|get||message|,4
102,Message,|set||move||validity|,|set||is||set|,|set||is||set|,1
102,Message,|set||message|,|set||name|,|set||name|,1442
102,Message,|set||code|,|set||id|,|set||id|,3
102,GameBoard,|get||player|,|get||id|,|get||id|,2
102,GameBoard,|get||cur||player|,|get||max||id|,|get||max||id|,508
102,GameBoard,|get||board||state|,|get||mappings|,|get||mappings|,428
102,GameBoard,|get||board||state||at|,|get||value|,|get||value|,898
102,GameBoard,|get||game||started|,|is||set|,|is||set|,0
102,GameBoard,|get||draw|,|is||set|,|is||set|,0
102,GameBoard,|get||winner|,|get||max||id|,|get||max||id|,508
102,GameBoard,|set||p|,|set||output|,|set||output|,7
102,GameBoard,|set||p|,|set||output|,|set||output|,7
102,GameBoard,|set||turn|,|set||id|,|set||id|,3
102,GameBoard,|set||draw|,|set||is||is||set|,|is||set|,0
102,GameBoard,|set||winner|,|set||id|,|set||id|,3
102,GameBoard,|set||game||started|,|set||transaction|,|set||transaction|,11
102,GameBoard,|set||board||state|,|set||id|,|set||id|,3
102,GameBoard,|set||board||state||at|,|set||type|,|set||type|,1017
102,Move,|get||x|,|get||id|,|get||id|,2
102,Move,|get||y|,|get||id|,|get||id|,2
102,Move,|get||player|,get,|e|,6
102,Move,|set||x|,|set||id|,|set||id|,3
102,Move,|set||y|,|set||id|,|set||id|,3
102,Move,|set||player|,|set||output|,|set||output|,7
102,Player,|get||id|,|get||id|,|get||id|,2
102,Player,|get||type|,|get||value|,|get||value|,898
102,Player,|set||id|,|set||id|,|set||id|,3
102,Player,|set||type|,|set||type||type|,|set||type||type|,558
102,PlayGame,|get||id|,|get||id|,|get||id|,2
102,PlayGame,|get||type|,|get||value|,|get||value|,898
102,PlayGame,|set||id|,|set||id|,|set||id|,3
102,PlayGame,|set||type|,|set||type||type|,|set||type||type|,558
102,BoardController,|get||id|,|get||id|,|get||id|,2
102,BoardController,|get||type|,|get||value|,|get||value|,898
102,BoardController,|set||id|,|set||id|,|set||id|,3
102,BoardController,|set||type|,|set||type||type|,|set||type||type|,558
75,Message,|get||id|,|get||id|,|get||id|,2
75,Message,|get||type|,|get||value|,|get||value|,898
75,Message,|set||id|,|set||id|,|set||id|,3
75,Message,|set||type|,|set||type||type|,|set||type||type|,558
75,GameBoard,|get||id|,|get||id|,|get||id|,2
75,GameBoard,|get||type|,|get||value|,|get||value|,898
75,GameBoard,|set||id|,|set||id|,|set||id|,3
75,GameBoard,|set||type|,|set||type||type|,|set||type||type|,558
75,Move,|get||move||x|,|get||id|,|get||id|,2
75,Move,|get||move||y|,|get||id|,|get||id|,2
75,Move,setplayer,|set||output|,|set||output|,7
75,Move,getplayer,|get||output|,|get||output|,21
75,Player,|get||type|,|get||value|,|get||value|,898
75,Player,|set||type|,|set||type||type|,|set||type||type|,558
75,Player,|get||id|,|get||id|,|get||id|,2
75,Player,|set||id|,|set||id|,|set||id|,3
75,Database,|get||type|,|get||value|,|get||value|,898
75,Database,|set||type|,|set||type||type|,|set||type||type|,558
75,Database,|get||id|,|get||id|,|get||id|,2
75,Database,|set||id|,|set||id|,|set||id|,3
75,PlayGame,|get||type|,|get||value|,|get||value|,898
75,PlayGame,|set||type|,|set||type||type|,|set||type||type|,558
75,PlayGame,|get||id|,|get||id|,|get||id|,2
75,PlayGame,|set||id|,|set||id|,|set||id|,3
75,GameTest,|get||type|,|get||value|,|get||value|,898
75,GameTest,|set||type|,|set||type||type|,|set||type||type|,558
75,GameTest,|get||id|,|get||id|,|get||id|,2
75,GameTest,|set||id|,|set||id|,|set||id|,3
75,UnitTest,|get||type|,|get||value|,|get||value|,898
75,UnitTest,|set||type|,|set||type||type|,|set||type||type|,558
75,UnitTest,|get||id|,|get||id|,|get||id|,2
75,UnitTest,|set||id|,|set||id|,|set||id|,3
2,Message,|is||move||validity|,|is||set|,|is||set|,0
2,Message,|set||move||validity|,|set||is||set|,|set||is||set|,1
2,Message,|get||code|,|get||id|,|get||id|,2
2,Message,|set||code|,|set||id|,|set||id|,3
2,Message,|get||message|,|get||message|,|get||message|,4
2,Message,|set||message|,|on||message|,|on||message|,5
2,GameBoard,|get||p|,get,|e|,6
2,GameBoard,|set||p|,|set||output|,|set||output|,7
2,GameBoard,|get||p|,get,|e|,6
2,GameBoard,|set||p|,|set||output|,|set||output|,7
2,GameBoard,|is||game||started|,|is||empty|,|is||empty|,10
2,GameBoard,|set||game||started|,|set||transaction|,|set||transaction|,11
2,GameBoard,|get||turn|,|get||id|,|get||id|,2
2,GameBoard,|set||turn|,|set||id|,|set||id|,3
2,GameBoard,|get||board||state|,|get||property|,|get||property|,14
2,GameBoard,|set||board||state|,|set||id|,|set||id|,3
2,GameBoard,|get||winner|,|get||id|,|get||id|,2
2,GameBoard,|set||winner|,|set||id|,|set||id|,3
2,GameBoard,|is||draw|,|is||empty|,|is||empty|,10
2,GameBoard,|set||draw|,|set||is||set|,|set||is||set|,1
2,Move,|get||player|,|get||output|,|get||output|,21
2,Move,|set||player|,|set||output|,|set||output|,7
2,Move,|get||move||x|,|get||id|,|get||id|,2
2,Move,|set||move||x|,|set||id|,|set||id|,3
2,Move,|get||move||y|,|get||id|,|get||id|,2
2,Move,|set||move||y|,|set||id|,|set||id|,3
2,Player,|get||type|,|get||value|,|get||value|,898
2,Player,|set||type|,|set||type||type|,|set||type||type|,558
2,Player,|get||id|,|get||id|,|get||id|,2
2,Player,|set||id|,|set||id|,|set||id|,3
2,DatabaseJdbc,|get||type|,|get||value|,|get||value|,898
2,DatabaseJdbc,|set||type|,|set||type||type|,|set||type||type|,558
2,DatabaseJdbc,|get||id|,|get||id|,|get||id|,2
2,DatabaseJdbc,|set||id|,|set||id|,|set||id|,3
2,PlayGame,|get||type|,|get||value|,|get||value|,898
2,PlayGame,|set||type|,|set||type||type|,|set||type||type|,558
2,PlayGame,|get||id|,|get||id|,|get||id|,2
2,PlayGame,|set||id|,|set||id|,|set||id|,3
2,GameTest,|get||type|,|get||value|,|get||value|,898
2,GameTest,|set||type|,|set||type||type|,|set||type||type|,558
2,GameTest,|get||id|,|get||id|,|get||id|,2
2,GameTest,|set||id|,|set||id|,|set||id|,3
2,DatabaseTest,|get||type|,|get||value|,|get||value|,898
2,DatabaseTest,|set||type|,|set||type||type|,|set||type||type|,558
2,DatabaseTest,|get||id|,|get||id|,|get||id|,2
2,DatabaseTest,|set||id|,|set||id|,|set||id|,3
2,MethodsTest,|get||type|,|get||value|,|get||value|,898
2,MethodsTest,|set||type|,|set||type||type|,|set||type||type|,558
2,MethodsTest,|get||id|,|get||id|,|get||id|,2
2,MethodsTest,|set||id|,|set||id|,|set||id|,3
90,PlayGame,main,add,|d|,69
90,PlayGame,|send||game||board||to||all||players|,|set||session|,|set||session|,70
90,PlayGame,stop,stop,|to|,570
58,Message,|get||move||validity|,|is||set|,|is||set|,0
58,Message,|set||move||validity|,|set||is||set|,|set||is||set|,1
58,Message,|get||code|,|get||id|,|get||id|,2
58,Message,|set||code|,|set||id|,|set||id|,3
58,Message,|get||message|,|get||message|,|get||message|,4
58,Message,|set||message|,|set||name|,|set||name|,1317
58,GameBoard,|get||p|,get,|e|,6
58,GameBoard,|set||p|,|set||output|,|set||output|,7
58,GameBoard,|get||p|,get,|e|,6
58,GameBoard,|set||p|,|set||output|,|set||output|,7
58,GameBoard,|get||game||started|,|is||set|,|is||set|,0
58,GameBoard,|set||game||started|,|set||flush|,|set||name|,1317
58,GameBoard,|get||turn|,|get||max||id|,|get||max||id|,508
58,GameBoard,|set||turn|,|set||max||id|,|set||max||number|,641
58,GameBoard,|get||board||state|,|get||mappings|,|get||mappings|,428
58,GameBoard,|set||board||state|,set,|e|,6
58,GameBoard,|get||winner|,|get||max||id|,|get||max||id|,508
58,GameBoard,|set||winner|,|set||max|,|set||max||number|,641
58,GameBoard,|get||is||draw|,|is||set|,|is||set|,0
58,GameBoard,|set||is||draw|,|set||is||is||enabled|,|is||set|,1553
58,Move,|get||player|,get,|e|,6
58,Move,|set||player|,|set||output|,|set||output|,7
58,Move,|get||move||x|,|get||id|,|get||id|,2
58,Move,|set||move||x|,|set||id|,|set||id|,3
58,Move,|get||move||y|,|get||id|,|get||id|,2
58,Move,|set||move||y|,|set||id|,|set||id|,3
58,Player,|get||type|,|get||value|,|get||value|,898
58,Player,|set||type|,set,|e|,6
58,Player,|get||id|,|get||id|,|get||id|,2
58,Player,|set||id|,|set||id|,|set||id|,3
58,PlayGame,|get||type|,|get||value|,|get||value|,898
58,PlayGame,|set||type|,set,|e|,6
58,PlayGame,|get||id|,|get||id|,|get||id|,2
58,PlayGame,|set||id|,|set||id|,|set||id|,3
58,GameTest,|get||type|,|get||value|,|get||value|,898
58,GameTest,|set||type|,set,|e|,6
58,GameTest,|get||id|,|get||id|,|get||id|,2
58,GameTest,|set||id|,|set||id|,|set||id|,3
81,PlayGame,main,add,|d|,69
81,PlayGame,|send||game||board||to||all||players|,|set||session|,|set||session|,70
81,PlayGame,stop,stop,|to|,570
92,PlayGame,main,add,|d|,69
92,PlayGame,|send||game||board||to||all||players|,|set||session|,|set||session|,70
92,PlayGame,stop,stop,|to|,570
93,Message,|is||move||validity|,|is||set|,|is||set|,0
93,Message,|set||move||validity|,|set||is||set|,|set||is||set|,1
93,Message,|get||code|,|get||id|,|get||id|,2
93,Message,|set||code|,|set||hash||code|,|set||size|,1245
93,Message,|get||message|,|get||message|,|get||message|,4
93,Message,|set||message|,|on||message|,|on||message|,5
93,GameBoard,update,get,|e|,6
93,GameBoard,|get||p|,get,|e|,6
93,GameBoard,|set||p|,|set||output|,|set||output|,7
93,GameBoard,|get||p|,get,|e|,6
93,GameBoard,|set||p|,|set||output|,|set||output|,7
93,GameBoard,|is||game||started|,|is||empty|,|is||empty|,10
93,GameBoard,|set||game||started|,|set||transaction|,|set||transaction|,11
93,GameBoard,|get||turn|,|get||id|,|get||id|,2
93,GameBoard,|set||turn|,|set||id|,|set||id|,3
93,GameBoard,|get||board||state|,|get||property|,|get||property|,14
93,GameBoard,|set||board||state|,|set||id|,|set||id|,3
93,GameBoard,|get||winner|,|get||id|,|get||id|,2
93,GameBoard,|set||winner|,|set||id|,|set||id|,3
93,GameBoard,|get||is||draw|,|is||empty|,|is||empty|,10
93,GameBoard,|set||is||draw|,|set||is||set|,|set||is||set|,1
93,Player,|get||type|,|get||value|,|get||value|,898
93,Player,|set||type|,|set||type||type|,|set||type||type|,558
93,Player,|get||id|,|get||id|,|get||id|,2
93,Player,|set||id|,|set||id|,|set||id|,3
22,PlayGame,main,add,|d|,69
22,PlayGame,|send||game||board||to||all||players|,|set||session|,|set||session|,70
22,PlayGame,stop,stop,|to|,570
71,PlayGame,main,add,|d|,69
71,PlayGame,|send||game||board||to||all||players|,|set||session|,|set||session|,70
71,PlayGame,stop,stop,|to|,570
100,PlayGame,main,add,|d|,69
100,PlayGame,|send||game||board||to||all||players|,|set||session|,|set||session|,70
100,PlayGame,stop,stop,|to|,570
40,PlayGame,main,add,|d|,69
40,PlayGame,|send||game||board||to||all||players|,|set||session|,|set||session|,70
40,PlayGame,stop,stop,|to|,570
50,Move,|get||player|,|get||output|,|get||output|,21
50,Move,|get||move||x|,|get||id|,|get||id|,2
50,Move,|get||move||y|,|get||id|,|get||id|,2
50,Player,|get||type|,|get||value|,|get||value|,898
50,Player,|get||id|,|get||id|,|get||id|,2
50,PlayGame,|get||type|,|get||value|,|get||value|,898
50,PlayGame,|get||id|,|get||id|,|get||id|,2
28,Message,|get||validity|,|is||set|,|is||set|,0
28,Message,|get||code|,|get||id|,|get||id|,2
28,GameBoard,|get||validity|,|is||set|,|is||set|,0
28,GameBoard,|get||code|,|get||id|,|get||id|,2
28,Move,|get||x|,|get||id|,|get||id|,2
28,Move,|get||y|,|get||id|,|get||id|,2
28,Move,|get||player|,|get||output|,|get||output|,21
28,Player,set,|set||id|,|set||id|,3
28,Player,|get||id|,|get||id|,|get||id|,2
28,Player,|get||type|,|get||value|,|get||value|,898
28,PlayGame,set,|set||id|,|set||id|,3
28,PlayGame,|get||id|,|get||id|,|get||id|,2
28,PlayGame,|get||type|,|get||value|,|get||value|,898
28,GameTest,set,|set||id|,|set||id|,3
28,GameTest,|get||id|,|get||id|,|get||id|,2
28,GameTest,|get||type|,|get||value|,|get||value|,898
28,UnitTest,set,|set||id|,|set||id|,3
28,UnitTest,|get||id|,|get||id|,|get||id|,2
28,UnitTest,|get||type|,|get||value|,|get||value|,898
7,PlayGame,main,add,|d|,69
7,PlayGame,|send||game||board||to||all||players|,|set||session|,|set||session|,70
7,PlayGame,stop,stop,|to|,570
77,Message,|is||move||validity|,|is||set|,|is||set|,0
77,Message,|set||move||validity|,|set||is||set|,|set||is||set|,1
77,Message,|get||code|,|get||id|,|get||id|,2
77,Message,|set||code|,|set||id|,|set||id|,3
77,Message,|get||message|,|get||message|,|get||message|,4
77,Message,|set||message|,|on||message|,|on||message|,5
77,GameBoard,|is||move||validity|,|is||set|,|is||set|,0
77,GameBoard,|set||move||validity|,|set||is||set|,|set||is||set|,1
77,GameBoard,|get||code|,|get||id|,|get||id|,2
77,GameBoard,|set||code|,|set||id|,|set||id|,3
77,GameBoard,|get||message|,|get||message|,|get||message|,4
77,GameBoard,|set||message|,|on||message|,|on||message|,5
77,Move,|get||player|,|get||output|,|get||output|,21
77,Move,|set||player|,|set||output|,|set||output|,7
77,Move,|get||move||x|,|get||id|,|get||id|,2
77,Move,|set||move||x|,|set||id|,|set||id|,3
77,Move,|get||move||y|,|get||id|,|get||id|,2
77,Move,|set||move||y|,|set||id|,|set||id|,3
77,Player,|get||type|,|get||value|,|get||value|,898
77,Player,|set||type|,|set||type||type|,|set||type||type|,558
77,Player,|get||id|,|get||id|,|get||id|,2
77,Player,|set||id|,|set||id|,|set||id|,3
77,DatabaseJdbc,|create||connection|,|get||connection|,|get||connection|,1574
77,DatabaseJdbc,|create||table|,execute,|xecut|,519
77,DatabaseJdbc,|add||move||data|,execute,|xecut|,519
77,DatabaseJdbc,clear,execute,|xecut|,519
77,DatabaseJdbc,size,|get||query|,|get||query|,583
77,PlayGame,|create||connection|,|get||connection|,|get||connection|,1569
77,PlayGame,|create||table|,execute,|xecut|,519
77,PlayGame,|add||move||data|,execute,|xecut|,519
77,PlayGame,clear,execute,|xecut|,519
77,PlayGame,size,|get||query|,|get||query|,583
77,PlayGameTest,|create||connection|,|get||connection|,|get||connection|,1569
77,PlayGameTest,|create||table|,execute,|xecut|,519
77,PlayGameTest,|add||move||data|,execute,|xecut|,519
77,PlayGameTest,clear,execute,|xecut|,519
77,PlayGameTest,size,|get||query|,|get||query|,583
77,GameBoardTest,|create||connection|,|get||connection|,|get||connection|,1569
77,GameBoardTest,|create||table|,execute,|xecut|,519
77,GameBoardTest,|add||move||data|,execute,|xecut|,519
77,GameBoardTest,clear,execute,|xecut|,519
77,GameBoardTest,size,|get||query|,|get||query|,583
55,PlayGame,main,add,|d|,69
55,PlayGame,|send||game||board||to||all||players|,|set||session|,|set||session|,70
55,PlayGame,stop,stop,|to|,570
45,Message,|is||move||validity|,|is||set|,|is||set|,0
45,Message,|set||move||validity|,|set||is||set|,|set||is||set|,1
45,Message,|get||code|,|get||id|,|get||id|,2
45,Message,|set||code|,|set||id|,|set||id|,3
45,Message,|get||message|,|get||message|,|get||message|,4
45,Message,|set||message|,|on||message|,|on||message|,5
45,GameBoard,|is||move||validity|,|is||set|,|is||set|,0
45,GameBoard,|set||move||validity|,|set||is||set|,|set||is||set|,1
45,GameBoard,|get||code|,|get||id|,|get||id|,2
45,GameBoard,|set||code|,|set||id|,|set||id|,3
45,GameBoard,|get||message|,|get||message|,|get||message|,4
45,GameBoard,|set||message|,|on||message|,|on||message|,5
45,Move,|get||player|,|get||output|,|get||output|,21
45,Move,|set||player|,|set||output|,|set||output|,7
45,Move,|get||move||x|,|get||id|,|get||id|,2
45,Move,|set||move||x|,|set||id|,|set||id|,3
45,Move,|get||move||y|,|get||id|,|get||id|,2
45,Move,|set||move||y|,|set||id|,|set||id|,3
45,Player,|get||type|,|get||value|,|get||value|,898
45,Player,|set||type|,|set||type||type|,|set||type||type|,558
45,Player,|get||id|,|get||id|,|get||id|,2
45,Player,|set||id|,|set||id|,|set||id|,3
45,PlayGame,main,add,|d|,69
45,PlayGame,|send||game||board||to||all||players|,|set||session|,|set||session|,70
45,PlayGame,stop,stop,|to|,570
37,PlayGame,main,add,|d|,69
37,PlayGame,|send||game||board||to||all||players|,|set||session|,|set||session|,70
37,PlayGame,stop,stop,|to|,570
29,PlayGame,main,add,|d|,69
29,PlayGame,|send||game||board||to||all||players|,|set||session|,|set||session|,70
29,PlayGame,stop,stop,|to|,570
