submission_id,file_name,method_name,prediction
24,Message,|get||move||validity|,|is||move|
24,Message,|set||move||validity|,|set||move|
24,Message,|get||code|,|get||code|
24,Message,|set||code|,|set||code|
24,Message,|get||message|,|get||message|
24,Message,|set||message|,|set||message|
24,GameBoard,|get||p|,|get||p|
24,GameBoard,|set||p|,|set||p|
24,GameBoard,|get||p|,|get||p|
24,GameBoard,|set||p|,|set||p|
24,GameBoard,|is||game||started|,|is||started|
24,GameBoard,|set||game||started|,|set||started||started|
24,GameBoard,|get||turn|,|get||int|
24,GameBoard,|set||turn|,set
24,GameBoard,|get||board||state|,|get||state|
24,GameBoard,|set||board||state|,|set||state|
24,GameBoard,|set||board||state|,set
24,GameBoard,|get||winner|,get
24,GameBoard,|set||winner|,|set||students|
24,GameBoard,|is||draw|,|is||draw|
24,GameBoard,|set||draw|,|set||draw|
24,Move,|get||player|,get
24,Move,|set||player|,set
24,Move,|get||move||x|,|get||move||x|
24,Move,|set||move||x|,|set||move|
24,Move,|get||move||y|,|get||move||move|
24,Move,|set||move||y|,|set||move||y|
24,Player,|set||type|,|set||type|
24,Player,|get||type|,|get||type|
24,Player,|set||id|,|set||id|
24,Player,|get||id|,|get||id|
24,PlayGame,|set||type|,|set||type|
24,PlayGame,|get||type|,|get||type|
24,PlayGame,|set||id|,|set||id|
24,PlayGame,|get||id|,|get||id|
65,Message,|is||move||validity|,|is||move|
65,Message,|set||move||validity|,|set||move|
65,Message,|get||code|,|get||code|
65,Message,|set||code|,|set||code|
65,Message,|get||message|,|get||message|
65,Message,|set||message|,|set||message|
65,GameBoard,|is||move||validity|,|is||move|
65,GameBoard,|set||move||validity|,|set||move|
65,GameBoard,|get||code|,|get||code|
65,GameBoard,|set||code|,|set||code|
65,GameBoard,|get||message|,|get||message|
65,GameBoard,|set||message|,|set||message|
65,Move,|get||player|,get
65,Move,|set||player|,set
65,Move,|get||move||x|,|get||move||x|
65,Move,|set||move||x|,|set||move|
65,Move,|get||move||y|,|get||move||move|
65,Move,|set||move||y|,|set||move||y|
65,Player,|get||type|,|get||type|
65,Player,|set||type|,|set||type|
65,Player,|get||id|,|get||id|
65,Player,|set||id|,|set||id|
65,PlayGame,|get||type|,|get||type|
65,PlayGame,|set||type|,|set||type|
65,PlayGame,|get||id|,|get||id|
65,PlayGame,|set||id|,|set||id|
65,GameTest,|get||type|,|get||type|
65,GameTest,|set||type|,|set||type|
65,GameTest,|get||id|,|get||id|
65,GameTest,|set||id|,|set||id|
65,TicTacToeTest,|get||type|,|get||type|
65,TicTacToeTest,|set||type|,|set||type|
65,TicTacToeTest,|get||id|,|get||id|
65,TicTacToeTest,|set||id|,|set||id|
43,PlayGame,main,main
43,PlayGame,|send||game||board||to||all||players|,validate
43,PlayGame,stop,stop
61,PlayGame,main,main
61,PlayGame,|send||game||board||to||all||players|,validate
61,PlayGame,stop,stop
59,PlayGame,main,main
59,PlayGame,|send||game||board||to||all||players|,validate
59,PlayGame,stop,stop
80,PlayGame,main,main
80,PlayGame,|send||game||board||to||all||players|,validate
80,PlayGame,stop,stop
70,Message,|is||move||validity|,|is||move|
70,Message,|set||move||validity|,|set||move|
70,Message,|get||code|,|get||code|
70,Message,|set||code|,|set||code|
70,Message,|get||message|,|get||message|
70,Message,|set||message|,|set||message|
70,GameBoard,|is||move||validity|,|is||move|
70,GameBoard,|set||move||validity|,|set||move|
70,GameBoard,|get||code|,|get||code|
70,GameBoard,|set||code|,|set||code|
70,GameBoard,|get||message|,|get||message|
70,GameBoard,|set||message|,|set||message|
70,Move,|get||player|,get
70,Move,|set||player|,set
70,Move,|get||move||x|,|get||move||x|
70,Move,|set||move||x|,|set||move|
70,Move,|get||move||y|,|get||move||move|
70,Move,|set||move||y|,|set||move||y|
70,Player,|get||type|,|get||type|
70,Player,|set||type|,|set||type|
70,Player,|get||id|,|get||id|
70,Player,|set||id|,|set||id|
70,PlayGame,|get||type|,|get||type|
70,PlayGame,|set||type|,|set||type|
70,PlayGame,|get||id|,|get||id|
70,PlayGame,|set||id|,|set||id|
97,PlayGame,main,main
97,PlayGame,|send||game||board||to||all||players|,validate
97,PlayGame,stop,stop
82,PlayGame,main,main
82,PlayGame,|send||game||board||to||all||players|,validate
82,PlayGame,stop,stop
27,PlayGame,main,main
27,PlayGame,|send||game||board||to||all||players|,validate
27,PlayGame,stop,stop
9,Message,|set||message|,|set||message|
9,Message,|message||json|,|get||value|
9,Message,|get||code|,|get||code|
9,GameBoard,|set||message|,|set||message|
9,GameBoard,|message||json|,|get||value|
9,GameBoard,|get||code|,|get||code|
9,Calculator,add,foo
9,Calculator,division,|get||n|
9,Move,|set||move|,|set||move|
9,Move,|get||move||x|,|get||move|
9,Move,|get||move||y|,|get||move||move|
9,Move,|get||player|,get
9,Player,|get||type|,|get||type|
9,Player,|get||id|,|get||id|
9,PlayGame,|get||type|,|get||type|
9,PlayGame,|get||id|,|get||id|
9,CalculatorTest,|test||add|,|test||add|
9,CalculatorTest,|test||div||non||zero||denominator|,test
9,CalculatorTest,|test||div||zero||denominator|,test
42,PlayGame,main,main
42,PlayGame,|send||game||board||to||all||players|,validate
42,PlayGame,stop,stop
5,Message,|is||move||valid|,|is||move|
5,Message,|set||move||validity|,|set||move|
5,Message,|get||code|,|get||code|
5,Message,|set||code|,|set||code|
5,Message,|get||message|,|get||message|
5,Message,|set||message|,|set||message|
5,Message,|to||json|,|to||json||string|
5,GameBoard,|is||move||valid|,|is||move|
5,GameBoard,|set||move||validity|,|set||move|
5,GameBoard,|get||code|,|get||code|
5,GameBoard,|set||code|,|set||code|
5,GameBoard,|get||message|,|get||message|
5,GameBoard,|set||message|,|set||message|
5,GameBoard,|to||json|,|to||json||string|
5,Move,|get||player|,get
5,Move,|set||player|,set
5,Move,|get||move||x|,|get||move||x|
5,Move,|set||move||x|,|set||move|
5,Move,|get||move||y|,|get||move||move|
5,Move,|set||move||y|,|set||move||y|
5,Player,|get||type|,|get||type|
5,Player,|set||type|,|set||type|
5,Player,|get||id|,|get||id|
5,Player,|set||id|,|set||id|
5,PlayGame,|get||type|,|get||type|
5,PlayGame,|set||type|,|set||type|
5,PlayGame,|get||id|,|get||id|
5,PlayGame,|set||id|,|set||id|
5,Database,|get||type|,|get||type|
5,Database,|set||type|,|set||type|
5,Database,|get||id|,|get||id|
5,Database,|set||id|,|set||id|
5,DatabaseTest,|get||type|,|get||type|
5,DatabaseTest,|set||type|,|set||type|
5,DatabaseTest,|get||id|,|get||id|
5,DatabaseTest,|set||id|,|set||id|
5,PlayGameTest,|get||type|,|get||type|
5,PlayGameTest,|set||type|,|set||type|
5,PlayGameTest,|get||id|,|get||id|
5,PlayGameTest,|set||id|,|set||id|
5,MessageTest,|test||message||constructor|,|test||move||move|
5,MessageTest,|test||set||move||validity|,|test||move||move|
5,MessageTest,|test||set||code|,|test||code|
5,MessageTest,|test||set||message|,|test||message||message|
5,MessageTest,|test||to||json|,|test||to||json|
5,MoveTest,|test||move||constructor|,|test||move|
5,MoveTest,|test||set||player|,|test||move||move|
5,MoveTest,|test||set||move||x|,|test||move||move||move|
5,MoveTest,|test||set||move||y|,|test||move||move||move|
5,GameBoardTest,|test||move||constructor|,|test||move|
5,GameBoardTest,|test||set||player|,|test||move||move|
5,GameBoardTest,|test||set||move||x|,|test||move||move||move|
5,GameBoardTest,|test||set||move||y|,|test||move||move||move|
5,PlayerTest,|test||player||constructor|,|test||get|
5,PlayerTest,|test||set||type|,|test||type|
5,PlayerTest,|test||set||id|,|test||id|
84,PlayGame,main,main
84,PlayGame,|send||game||board||to||all||players|,validate
84,PlayGame,stop,stop
25,PlayGame,main,main
25,PlayGame,|send||game||board||to||all||players|,validate
25,PlayGame,stop,stop
87,PlayGame,main,main
87,PlayGame,|send||game||board||to||all||players|,validate
87,PlayGame,stop,stop
8,PlayGame,main,main
8,PlayGame,|send||game||board||to||all||players|,validate
8,PlayGame,stop,stop
34,PlayGame,main,main
34,PlayGame,|send||game||board||to||all||players|,validate
34,PlayGame,stop,stop
35,PlayGame,main,main
35,PlayGame,|send||game||board||to||all||players|,validate
35,PlayGame,stop,stop
23,Message,|is||move||validity|,|is||move|
23,Message,|set||move||validity|,|set||move|
23,Message,|get||code|,|get||code|
23,Message,|set||code|,|set||code|
23,Message,|get||message|,|get||message|
23,Message,|set||message|,|set||message|
23,GameBoard,|is||move||validity|,|is||move|
23,GameBoard,|set||move||validity|,|set||move|
23,GameBoard,|get||code|,|get||code|
23,GameBoard,|set||code|,|set||code|
23,GameBoard,|get||message|,|get||message|
23,GameBoard,|set||message|,|set||message|
23,Move,|get||player|,get
23,Move,|set||player|,set
23,Move,|get||move||x|,|get||move||x|
23,Move,|set||move||x|,|set||move|
23,Move,|get||move||y|,|get||move||move|
23,Move,|set||move||y|,|set||move||y|
23,Player,|get||type|,|get||type|
23,Player,|set||type|,|set||type|
23,Player,|get||id|,|get||id|
23,Player,|set||id|,|set||id|
23,PlayGame,|get||type|,|get||type|
23,PlayGame,|set||type|,|set||type|
23,PlayGame,|get||id|,|get||id|
23,PlayGame,|set||id|,|set||id|
23,GameBoardTest,|get||type|,|get||type|
23,GameBoardTest,|set||type|,|set||type|
23,GameBoardTest,|get||id|,|get||id|
23,GameBoardTest,|set||id|,|set||id|
23,ApiTest,|get||type|,|get||type|
23,ApiTest,|set||type|,|set||type|
23,ApiTest,|get||id|,|get||id|
23,ApiTest,|set||id|,|set||id|
72,PlayGame,main,main
72,PlayGame,|send||game||board||to||all||players|,validate
72,PlayGame,stop,stop
33,PlayGame,main,main
33,PlayGame,|send||game||board||to||all||players|,validate
33,PlayGame,stop,stop
99,Message,|is||move||validity|,|is||move|
99,Message,|set||move||validity|,|set||move|
99,Message,|get||code|,|get||code|
99,Message,|set||code|,|set||code|
99,Message,|get||message|,|get||message|
99,Message,|set||message|,|set||message|
99,GameBoard,|get||p|,|get||p|
99,GameBoard,|set||p|,|set||p|
99,GameBoard,|get||p|,|get||p|
99,GameBoard,|set||p|,|set||p|
99,GameBoard,|is||game||started|,|is||started|
99,GameBoard,|set||game||started|,|set||started||started|
99,GameBoard,|get||turn|,|get||int|
99,GameBoard,|set||turn|,set
99,GameBoard,|get||board||state|,|get||state|
99,GameBoard,|set||board||state|,|set||state|
99,GameBoard,|get||winner|,get
99,GameBoard,|set||winner|,|set||students|
99,GameBoard,|is||draw|,|is||draw|
99,GameBoard,|set||draw|,|set||draw|
99,Move,|get||player|,get
99,Move,|set||player|,set
99,Move,|get||move||x|,|get||move||x|
99,Move,|set||move||x|,|set||move|
99,Move,|get||move||y|,|get||move||move|
99,Move,|set||move||y|,|set||move||y|
99,Player,|get||type|,|get||type|
99,Player,|set||type|,|set||type|
99,Player,|get||id|,|get||id|
99,Player,|set||id|,|set||id|
99,DataBase,|get||type|,|get||type|
99,DataBase,|set||type|,|set||type|
99,DataBase,|get||id|,|get||id|
99,DataBase,|set||id|,|set||id|
99,PlayGame,|get||type|,|get||type|
99,PlayGame,|set||type|,|set||type|
99,PlayGame,|get||id|,|get||id|
99,PlayGame,|set||id|,|set||id|
99,RobustTest,|get||type|,|get||type|
99,RobustTest,|set||type|,|set||type|
99,RobustTest,|get||id|,|get||id|
99,RobustTest,|set||id|,|set||id|
99,GameTest,|get||type|,|get||type|
99,GameTest,|set||type|,|set||type|
99,GameTest,|get||id|,|get||id|
99,GameTest,|set||id|,|set||id|
99,MethodTest,|get||type|,|get||type|
99,MethodTest,|set||type|,|set||type|
99,MethodTest,|get||id|,|get||id|
99,MethodTest,|set||id|,|set||id|
99,DataBaseTest,|get||type|,|get||type|
99,DataBaseTest,|set||type|,|set||type|
99,DataBaseTest,|get||id|,|get||id|
99,DataBaseTest,|set||id|,|set||id|
48,PlayGame,main,main
48,PlayGame,|send||game||board||to||all||players|,validate
48,PlayGame,stop,stop
96,PlayGame,main,main
96,PlayGame,|send||game||board||to||all||players|,validate
96,PlayGame,stop,stop
38,Message,|set||move||validity|,|set||move|
38,Message,|set||code|,|set||code|
38,Message,|set||message|,|set||message|
38,Message,|get||move||validity|,|is||move|
38,Message,|get||code|,|get||code|
38,Message,|get||message|,|get||message|
38,GameBoard,|set||p|,|set||p|
38,GameBoard,|set||p|,|set||p|
38,GameBoard,|set||game||started|,|set||started||started|
38,GameBoard,|set||turn|,set
38,GameBoard,|set||board||state|,|set||state|
38,GameBoard,|set||winner|,|set||students|
38,GameBoard,|set||is||draw|,|set||draw|
38,GameBoard,|get||p|,|get||p|
38,GameBoard,|get||p|,|get||p|
38,GameBoard,|get||player|,|get||id|
38,GameBoard,|get||game||started|,|is||started|
38,GameBoard,|get||turn|,|get||int|
38,GameBoard,|get||board||state|,|get||state|
38,GameBoard,|get||winner|,get
38,GameBoard,|get||is||draw|,|is||draw|
38,GameBoard,|initialize||board||state|,reset
38,GameBoard,|check||move||validity|,|move||move|
38,GameBoard,|make||move|,is
38,Move,|set||player|,set
38,Move,|set||move||x|,|set||move|
38,Move,|set||move||y|,|set||move||y|
38,Move,|get||player|,get
38,Move,|get||move||x|,|get||move||x|
38,Move,|get||move||y|,|get||move||move|
38,Player,|set||type|,|set||type|
38,Player,|set||id|,|set||id|
38,Player,|get||type|,|get||type|
38,Player,|get||id|,|get||id|
38,PlayGame,|set||type|,|set||type|
38,PlayGame,|set||id|,|set||id|
38,PlayGame,|get||type|,|get||type|
38,PlayGame,|get||id|,|get||id|
67,PlayGame,main,main
67,PlayGame,|send||game||board||to||all||players|,validate
67,PlayGame,stop,stop
39,PlayGame,main,main
39,PlayGame,|send||game||board||to||all||players|,validate
39,PlayGame,stop,stop
89,Message,|is||move||validity|,|is||move|
89,Message,|set||move||validity|,|set||move|
89,Message,|get||code|,|get||code|
89,Message,|set||code|,|set||code|
89,Message,|get||message|,|get||message|
89,Message,|set||message|,|set||message|
89,GameBoard,|is||move||validity|,|is||move|
89,GameBoard,|set||move||validity|,|set||move|
89,GameBoard,|get||code|,|get||code|
89,GameBoard,|set||code|,|set||code|
89,GameBoard,|get||message|,|get||message|
89,GameBoard,|set||message|,|set||message|
89,Move,|get||player|,get
89,Move,|set||player|,set
89,Move,|get||move||x|,|get||move||x|
89,Move,|set||move||x|,|set||move|
89,Move,|get||move||y|,|get||move||move|
89,Move,|set||move||y|,|set||move||y|
89,Player,|get||type|,|get||type|
89,Player,|set||type|,|set||type|
89,Player,|get||id|,|get||id|
89,Player,|set||id|,|set||id|
89,PlayGame,|get||type|,|get||type|
89,PlayGame,|set||type|,|set||type|
89,PlayGame,|get||id|,|get||id|
89,PlayGame,|set||id|,|set||id|
89,GameTest,|get||type|,|get||type|
89,GameTest,|set||type|,|set||type|
89,GameTest,|get||id|,|get||id|
89,GameTest,|set||id|,|set||id|
89,GameboardTest,|get||type|,|get||type|
89,GameboardTest,|set||type|,|set||type|
89,GameboardTest,|get||id|,|get||id|
89,GameboardTest,|set||id|,|set||id|
41,Message,|is||move||validity|,|is||move|
41,Message,|set||move||validity|,|set||move|
41,Message,|get||code|,|get||code|
41,Message,|set||code|,|set||code|
41,Message,|get||message|,|get||message|
41,Message,|set||message|,|set||message|
41,GameBoard,|get||p|,|get||p|
41,GameBoard,|set||p|,|set||p|
41,GameBoard,|get||p|,|get||p|
41,GameBoard,|set||p|,|set||p|
41,GameBoard,|is||game||started|,|is||started|
41,GameBoard,|set||game||started|,|set||started||started|
41,GameBoard,|get||turn|,|get||int|
41,GameBoard,|set||turn|,set
41,GameBoard,|get||board||state|,|get||state|
41,GameBoard,|set||board||state|,|set||state|
41,GameBoard,|get||winner|,get
41,GameBoard,|set||winner|,|set||students|
41,GameBoard,|is||draw|,|is||draw|
41,GameBoard,|set||draw|,|set||draw|
41,Move,|get||player|,get
41,Move,|set||player|,set
41,Move,|get||move||x|,|get||move||x|
41,Move,|set||move||x|,|set||move|
41,Move,|get||move||y|,|get||move||move|
41,Move,|set||move||y|,|set||move||y|
41,Player,|get||type|,|get||type|
41,Player,|set||type|,|set||type|
41,Player,|get||id|,|get||id|
41,Player,|set||id|,|set||id|
41,PlayGame,main,main
41,PlayGame,|send||game||board||to||all||players|,validate
41,PlayGame,stop,stop
4,PlayGame,main,main
4,PlayGame,|send||game||board||to||all||players|,validate
4,PlayGame,stop,stop
16,Message,|is||move||validity|,|is||move|
16,Message,|set||move||validity|,|set||move|
16,Message,|get||code|,|get||code|
16,Message,|set||code|,|set||code|
16,Message,|get||message|,|get||message|
16,Message,|set||message|,|set||message|
16,GameBoard,|get||p|,|get||p|
16,GameBoard,|set||p|,|set||p|
16,GameBoard,|get||p|,|get||p|
16,GameBoard,|set||p|,|set||p|
16,GameBoard,|is||game||started|,|is||started|
16,GameBoard,|set||game||started|,|set||started||started|
16,GameBoard,|get||turn|,|get||int|
16,GameBoard,|set||turn|,set
16,GameBoard,|get||board||state|,|get||all|
16,GameBoard,|set||board||state|,|set||state|
16,GameBoard,|get||winner|,get
16,GameBoard,|set||winner|,|set||students|
16,GameBoard,|is||draw|,|is||draw|
16,GameBoard,|set||draw|,|set||draw|
16,Move,|get||player|,get
16,Move,|set||player|,set
16,Move,|get||move||x|,|get||move||x|
16,Move,|set||move||x|,|set||move|
16,Move,|get||move||y|,|get||move||move|
16,Move,|set||move||y|,|set||move||y|
16,Player,|get||type|,|get||type|
16,Player,|set||type|,|set||type|
16,Player,|get||id|,|get||id|
16,Player,|set||id|,|set||id|
16,GameTest,|get||type|,|get||type|
16,GameTest,|set||type|,|set||type|
16,GameTest,|get||id|,|get||id|
16,GameTest,|set||id|,|set||id|
16,PlayGame,|get||type|,|get||type|
16,PlayGame,|set||type|,|set||type|
16,PlayGame,|get||id|,|get||id|
16,PlayGame,|set||id|,|set||id|
36,PlayGame,main,main
36,PlayGame,|send||game||board||to||all||players|,validate
36,PlayGame,stop,stop
95,Message,|valid||setter|,|set||up|
95,Message,|invalid||setter|,|test||move||move|
95,Message,|getmove||validity|,|is||move|
95,Message,getcode,|get||code|
95,Message,getmessage,|get||message|
95,GameBoard,|check||winner|,|is||cell||editable|
95,GameBoard,|check||draw|,|is||empty|
95,GameBoard,startgame,set
95,GameBoard,joingame,init
95,GameBoard,setter,|is||cell||editable|
95,GameBoard,|get||game||started|,|is||started|
95,GameBoard,|get||winner|,get
95,GameBoard,|get||is||draw|,|is||draw|
95,GameBoard,|get||p|,|get||p|
95,GameBoard,|get||p|,|get||p|
95,GameBoard,|get||turn|,|get||int|
95,Move,getplayer,get
95,Move,|getmove||x|,|get||move||x|
95,Move,|getmove||y|,|get||move||move|
95,Player,startgame,|set||type|
95,Player,joingame,|set||type|
95,Player,|get||type|,|get||type|
95,Player,|get||id|,|get||id|
95,DatabaseJdbc,startgame,|set||type|
95,DatabaseJdbc,joingame,|set||type|
95,DatabaseJdbc,|get||type|,|get||type|
95,DatabaseJdbc,|get||id|,|get||id|
95,PlayGame,startgame,|set||type|
95,PlayGame,joingame,|set||type|
95,PlayGame,|get||type|,|get||type|
95,PlayGame,|get||id|,|get||id|
95,GameTest,startgame,|set||type|
95,GameTest,joingame,|set||type|
95,GameTest,|get||type|,|get||type|
95,GameTest,|get||id|,|get||id|
95,DatabaseTest,startgame,|set||type|
95,DatabaseTest,joingame,|set||type|
95,DatabaseTest,|get||type|,|get||type|
95,DatabaseTest,|get||id|,|get||id|
95,UnitTest,startgame,|set||type|
95,UnitTest,joingame,|set||type|
95,UnitTest,|get||type|,|get||type|
95,UnitTest,|get||id|,|get||id|
14,PlayGame,main,main
14,PlayGame,|send||game||board||to||all||players|,validate
14,PlayGame,stop,stop
57,GameBoard,|set||player|,|set||p|
57,GameBoard,|get||player|,|get||p|
57,GameBoard,|set||player|,|set||p|
57,GameBoard,|get||player|,|get||p|
57,GameBoard,|set||game||started|,|set||started||started|
57,GameBoard,|get||game||started|,|is||started|
57,GameBoard,|set||turn|,set
57,GameBoard,|get||turn|,get
57,GameBoard,|set||board||state|,|set||state|
57,GameBoard,|get||board||state|,|get||state|
57,GameBoard,|set||winner|,|set||students|
57,GameBoard,|get||winner|,get
57,GameBoard,|set||is||draw|,|set||draw|
57,GameBoard,|get||is||draw|,|is||draw|
57,GameBoard,|is||full|,|is||oneway|
57,GameBoard,|set||move||count|,|set||count|
57,GameBoard,|get||move||count|,|get||move||count|
57,TicTacToeService,|get||game||board|,get
57,TicTacToeService,|start||game|,visit
57,TicTacToeService,|join||game|,create
57,TicTacToeService,move,|get||context|
57,PlayGame,main,main
57,PlayGame,|send||game||board||to||all||players|,validate
57,PlayGame,stop,stop
56,PlayGame,main,main
56,PlayGame,|send||game||board||to||all||players|,validate
56,PlayGame,stop,stop
88,PlayGame,main,main
88,PlayGame,|send||game||board||to||all||players|,validate
88,PlayGame,stop,stop
66,Message,|is||move||validity|,|is||move|
66,Message,|set||move||validity|,|set||move|
66,Message,|get||code|,|get||code|
66,Message,|set||code|,|set||code|
66,Message,|get||message|,|get||message|
66,Message,|set||message|,|set||message|
66,GameBoard,|get||p|,|get||p|
66,GameBoard,|set||p|,|set||p|
66,GameBoard,|get||p|,|get||p|
66,GameBoard,|set||p|,|set||p|
66,GameBoard,|is||game||started|,|is||started|
66,GameBoard,|set||game||started|,|set||started||started|
66,GameBoard,|get||turn|,|get||int|
66,GameBoard,|set||turn|,set
66,GameBoard,|get||board||state|,|get||state|
66,GameBoard,|set||board||state|,|set||state|
66,GameBoard,|get||winner|,get
66,GameBoard,|set||winner|,|set||students|
66,GameBoard,|is||draw|,|is||draw|
66,GameBoard,|set||draw|,|set||draw|
66,GameBoard,|is||valid|,|is||visible|
66,GameBoard,|message||invalid|,|set||current||query|
66,GameBoard,|check||win|,foo
66,GameBoard,|check||draw|,|is||empty|
66,Move,|get||player|,get
66,Move,|set||player|,set
66,Move,|get||move||x|,|get||move||x|
66,Move,|set||move||x|,|set||move|
66,Move,|get||move||y|,|get||move||move|
66,Move,|set||move||y|,|set||move||y|
66,Player,|get||type|,|get||type|
66,Player,|set||type|,|set||type|
66,Player,|get||id|,|get||id|
66,Player,|set||id|,|set||id|
66,PlayGame,|get||type|,|get||type|
66,PlayGame,|set||type|,|set||type|
66,PlayGame,|get||id|,|get||id|
66,PlayGame,|set||id|,|set||id|
66,UnitTest,|get||type|,|get||type|
66,UnitTest,|set||type|,|set||type|
66,UnitTest,|get||id|,|get||id|
66,UnitTest,|set||id|,|set||id|
66,ApiTest,|get||type|,|get||type|
66,ApiTest,|set||type|,|set||type|
66,ApiTest,|get||id|,|get||id|
66,ApiTest,|set||id|,|set||id|
26,PlayGame,main,main
26,PlayGame,|send||game||board||to||all||players|,validate
26,PlayGame,stop,stop
6,PlayGame,main,main
6,PlayGame,|send||game||board||to||all||players|,validate
6,PlayGame,stop,stop
54,Message,|is||move||validity|,|is||move|
54,Message,|set||move||validity|,|set||move|
54,Message,|get||code|,|get||code|
54,Message,|set||code|,|set||code|
54,Message,|get||message|,|get||message|
54,Message,|set||message|,|set||message|
54,GameBoard,|is||move||validity|,|is||move|
54,GameBoard,|set||move||validity|,|set||move|
54,GameBoard,|get||code|,|get||code|
54,GameBoard,|set||code|,|set||code|
54,GameBoard,|get||message|,|get||message|
54,GameBoard,|set||message|,|set||message|
54,Persister,restore,|get||content|
54,Persister,save,execute
54,Player,|get||type|,|get||type|
54,Player,|set||type|,|set||type|
54,Player,|get||id|,|get||id|
54,Player,|set||id|,|set||id|
54,PlayGame,|get||type|,|get||type|
54,PlayGame,|set||type|,|set||type|
54,PlayGame,|get||id|,|get||id|
54,PlayGame,|set||id|,|set||id|
54,GameBoardTest,|get||type|,|get||type|
54,GameBoardTest,|set||type|,|set||type|
54,GameBoardTest,|get||id|,|get||id|
54,GameBoardTest,|set||id|,|set||id|
54,PersisterTest,init,before
54,PersisterTest,|init||test|,|test||fail|
54,PersisterTest,|fresh||test|,|test||restore|
54,PersisterTest,|save||test|,|test||save|
54,PersisterTest,|reinit||test|,|test||fail|
54,PersisterTest,|restore||test|,test
54,PlayGameTest,init,setup
54,PlayGameTest,|persister||consistent||test|,|test||to||json||to||json|
54,PlayGameTest,|start||game||test||invalid||no||game|,|test||post||post|
54,PlayGameTest,|join||game||test||invalid||no||game|,|test||get|
54,PlayGameTest,|move||test||invalid||no||game|,|test||move|
54,PlayGameTest,|new||game||test|,|test||get|
54,PlayGameTest,|start||game||test||invalid||type||too||long|,|test||post||post||timeout|
54,PlayGameTest,|start||game||test||invalid||type||illegal||char|,|test||post||post||timeout|
54,PlayGameTest,|join||game||test||invalid||no||player|,|test||get|
54,PlayGameTest,|start||game||test||valid|,|test||from||json|
54,PlayGameTest,|join||game||test||valid|,|test||get|
54,PlayGameTest,|join||game||test||invalid||duplicate|,|test||get|
54,PlayGameTest,|move||test||invalid||bad||params|,|test||move|
54,PlayGameTest,|move||test||valid|,|test||from||json|
54,PlayGameTest,close,|tear||down|
63,PlayGame,main,main
63,PlayGame,|send||game||board||to||all||players|,validate
63,PlayGame,stop,stop
83,PlayGame,main,main
83,PlayGame,|send||game||board||to||all||players|,validate
83,PlayGame,stop,stop
60,Message,|get||move||validity|,move
60,Message,|get||code|,|get||code|
60,Message,|get||message|,|get||message|
60,Message,|set||move||validity|,move
60,Message,|set||code|,|set||code|
60,Message,|set||message|,|set||message|
60,GameBoard,|get||move||validity|,move
60,GameBoard,|get||code|,|get||code|
60,GameBoard,|get||message|,|get||message|
60,GameBoard,|set||move||validity|,move
60,GameBoard,|set||code|,|set||code|
60,GameBoard,|set||message|,|set||message|
60,Move,|get||player|,get
60,Move,|get||mx|,|get||move|
60,Move,|get||my|,|get||move||move|
60,Move,|set||player|,set
60,Move,|set||mx|,move
60,Move,|set||my|,move
60,Player,|get||type|,|get||type|
60,Player,|get||id|,|get||id|
60,Player,|set||type|,|set||type|
60,Player,|set||id|,|set||id|
60,PlayGame,|get||type|,|get||type|
60,PlayGame,|get||id|,|get||id|
60,PlayGame,|set||type|,|set||type|
60,PlayGame,|set||id|,|set||id|
60,PlayGameTest,|get||type|,|get||type|
60,PlayGameTest,|get||id|,|get||id|
60,PlayGameTest,|set||type|,|set||type|
60,PlayGameTest,|set||id|,|set||id|
60,GameBoardTest,|get||type|,|get||type|
60,GameBoardTest,|get||id|,|get||id|
60,GameBoardTest,|set||type|,|set||type|
60,GameBoardTest,|set||id|,|set||id|
13,Message,|is||valid|,|is||move|
13,GameBoard,|is||valid|,|is||move|
13,Move,|get||player|,get
13,Move,|get||x|,|get||move||x|
13,Move,|get||y|,|get||move||move|
13,Player,|get||type|,|get||type|
13,Player,|get||id|,|get||id|
13,AlreadyOccupiedExcpetion,code,|get||weight|
13,AlreadyOccupiedExcpetion,cause,|get||help||name|
13,InvalidPositionException,code,|get||weight|
13,InvalidPositionException,cause,|get||current||position||string|
13,NotYourTurnException,code,|get||weight|
13,NotYourTurnException,cause,|get||name|
13,BoardReceiver,|get||board|,get
13,BoardReceiver,await,wait
13,BoardReceiver,stop,stop
13,BoardReceiver,|on||connect|,|on||connect|
13,BoardReceiver,|on||message|,|on||failure|
13,GameTest,|get||board|,get
13,GameTest,await,wait
13,GameTest,stop,stop
13,GameTest,|on||connect|,|on||connect|
13,GameTest,|on||message|,|on||failure|
94,Message,|get||valid|,move
94,Message,|get||code|,|get||code|
94,Message,|get||msg|,|get||message|
94,GameBoard,|get||valid|,move
94,GameBoard,|get||code|,|get||code|
94,GameBoard,|get||msg|,|get||message|
94,Move,|get||x|,|get||move|
94,Move,|get||y|,|get||move||move|
94,Move,|get||player|,get
94,Player,|get||type|,|get||type|
94,Player,|get||id|,|get||id|
94,DatabaseLite,|get||type|,|get||type|
94,DatabaseLite,|get||id|,|get||id|
94,PlayGame,|get||type|,|get||type|
94,PlayGame,|get||id|,|get||id|
94,GameBoardTest,|get||type|,|get||type|
94,GameBoardTest,|get||id|,|get||id|
94,PlayGameTest,|get||type|,|get||type|
94,PlayGameTest,|get||id|,|get||id|
30,Message,|set||move||validity|,|set||move|
30,Message,|is||move||validity|,|is||move|
30,Message,|set||code|,|set||code|
30,Message,|get||code|,|get||code|
30,Message,|set||message|,|set||message|
30,Message,|get||message|,|get||message|
30,Message,|to||json|,|get||value|
30,GameBoard,|set||move||validity|,|set||move|
30,GameBoard,|is||move||validity|,|is||move|
30,GameBoard,|set||code|,|set||code|
30,GameBoard,|get||code|,|get||code|
30,GameBoard,|set||message|,|set||message|
30,GameBoard,|get||message|,|get||message|
30,GameBoard,|to||json|,|get||value|
30,Move,|set||player|,set
30,Move,|get||player|,get
30,Move,|set||move||x|,|set||move|
30,Move,|set||move||y|,|set||move||y|
30,Move,|get||move||x|,|get||move||x|
30,Move,|get||move||y|,|get||move||move|
30,Player,|set||id|,|set||id|
30,Player,|get||id|,|get||id|
30,Player,|set||type|,|set||type|
30,Player,|get||type|,|get||type|
30,Player,oppent,|get||type|
30,Database,|set||id|,|set||id|
30,Database,|get||id|,|get||id|
30,Database,|set||type|,|set||type|
30,Database,|get||type|,|get||type|
30,Database,oppent,|get||type|
30,PlayGame,|set||id|,|set||id|
30,PlayGame,|get||id|,|get||id|
30,PlayGame,|set||type|,|set||type|
30,PlayGame,|get||type|,|get||type|
30,PlayGame,oppent,|get||type|
30,MessageTest,|message||test|,|test||move|
30,MessageTest,|to||json||test|,|test||message||message|
30,MoveTest,|move||test|,|test||move||move|
30,GameBoardTest,|move||test|,|test||move||move|
30,PlayerTest,|player||test|,|test||get|
30,PlayerTest,|oppent||test|,test
30,PlayerTest,|oppent||test|,test
30,PlayerTest,|invalid||type||error|,|test||error|
30,DatabaseTest,init,|test||create||table|
30,DatabaseTest,|add||player||test|,|test||add||add|
30,DatabaseTest,|add||move||test|,|test||add||add||move||move|
30,DatabaseTest,|load||player||test|,|test||add||and||add|
30,DatabaseTest,|load||player||test|,|test||load|
30,DatabaseTest,|load||board||state||test|,|test||add||move|
30,DatabaseTest,|delete||table||test|,|test||delete||table|
30,DatabaseTest,|delete||table||test|,|test||update||table|
30,DatabaseTest,stop,|tear||down|
30,GameTest,init,|test||create||table|
30,GameTest,|add||player||test|,|test||add||add|
30,GameTest,|add||move||test|,|test||add||add||move||move|
30,GameTest,|load||player||test|,|test||add||and||add|
30,GameTest,|load||player||test|,|test||load|
30,GameTest,|load||board||state||test|,|test||add||move|
30,GameTest,|delete||table||test|,|test||delete||table|
30,GameTest,|delete||table||test|,|test||update||table|
30,GameTest,stop,|tear||down|
30,Message,|set||move||validity|,|set||move|
30,Message,|is||move||validity|,|is||move|
30,Message,|set||code|,|set||code|
30,Message,|get||code|,|get||code|
30,Message,|set||message|,|set||message|
30,Message,|get||message|,|get||message|
30,Message,|to||json|,|get||value|
30,GameBoard,|set||move||validity|,|set||move|
30,GameBoard,|is||move||validity|,|is||move|
30,GameBoard,|set||code|,|set||code|
30,GameBoard,|get||code|,|get||code|
30,GameBoard,|set||message|,|set||message|
30,GameBoard,|get||message|,|get||message|
30,GameBoard,|to||json|,|get||value|
30,Move,|set||player|,set
30,Move,|get||player|,get
30,Move,|set||move||x|,|set||move|
30,Move,|set||move||y|,|set||move||y|
30,Move,|get||move||x|,|get||move||x|
30,Move,|get||move||y|,|get||move||move|
30,Player,|set||id|,|set||id|
30,Player,|get||id|,|get||id|
30,Player,|set||type|,|set||type|
30,Player,|get||type|,|get||type|
30,Player,oppent,|get||type|
30,PlayGame,|set||id|,|set||id|
30,PlayGame,|get||id|,|get||id|
30,PlayGame,|set||type|,|set||type|
30,PlayGame,|get||type|,|get||type|
30,PlayGame,oppent,|get||type|
30,Message,|set||move||validity|,|set||move|
30,Message,|is||move||validity|,|is||move|
30,Message,|set||code|,|set||code|
30,Message,|get||code|,|get||code|
30,Message,|set||message|,|set||message|
30,Message,|get||message|,|get||message|
30,Message,|to||json|,|get||value|
30,GameBoard,|set||move||validity|,|set||move|
30,GameBoard,|is||move||validity|,|is||move|
30,GameBoard,|set||code|,|set||code|
30,GameBoard,|get||code|,|get||code|
30,GameBoard,|set||message|,|set||message|
30,GameBoard,|get||message|,|get||message|
30,GameBoard,|to||json|,|get||value|
30,Move,|set||player|,set
30,Move,|get||player|,get
30,Move,|set||move||x|,|set||move|
30,Move,|set||move||y|,|set||move||y|
30,Move,|get||move||x|,|get||move||x|
30,Move,|get||move||y|,|get||move||move|
30,Player,|set||id|,|set||id|
30,Player,|get||id|,|get||id|
30,Player,|set||type|,|set||type|
30,Player,|get||type|,|get||type|
30,Player,oppent,|get||type|
30,PlayGame,|set||id|,|set||id|
30,PlayGame,|get||id|,|get||id|
30,PlayGame,|set||type|,|set||type|
30,PlayGame,|get||type|,|get||type|
30,PlayGame,oppent,|get||type|
30,MessageTest,|message||test|,|test||move|
30,MessageTest,|to||json||test|,|test||message||message|
30,MoveTest,|move||test|,|test||move||move|
30,GameBoardTest,|move||test|,|test||move||move|
30,PlayerTest,|player||test|,|test||get|
30,PlayerTest,|oppent||test|,test
30,PlayerTest,|oppent||test|,test
30,PlayerTest,|invalid||type||error|,|test||error|
30,GameTest,|player||test|,|test||get|
30,GameTest,|oppent||test|,test
30,GameTest,|oppent||test|,test
30,GameTest,|invalid||type||error|,|test||error|
76,PlayGame,main,main
76,PlayGame,|send||game||board||to||all||players|,validate
76,PlayGame,stop,stop
105,PlayGame,main,main
105,PlayGame,|send||game||board||to||all||players|,validate
105,PlayGame,stop,stop
51,Message,|is||move||validity|,|is||move|
51,Message,|set||move||validity|,|set||move|
51,Message,|get||code|,|get||code|
51,Message,|set||code|,|set||code|
51,Message,|get||message|,|get||message|
51,Message,|set||message|,|set||message|
51,GameBoard,|get||p|,|get||p|
51,GameBoard,|set||p|,|set||p|
51,GameBoard,|get||p|,|get||p|
51,GameBoard,|set||p|,|set||p|
51,GameBoard,|is||game||started|,|is||started|
51,GameBoard,|set||game||started|,|set||started||started|
51,GameBoard,|get||turn|,|get||int|
51,GameBoard,|set||turn|,set
51,GameBoard,|get||board||state|,|get||state|
51,GameBoard,|set||board||state|,|set||state|
51,GameBoard,|get||winner|,get
51,GameBoard,|set||winner|,|set||students|
51,GameBoard,|is||draw|,|is||draw|
51,GameBoard,|set||draw|,|set||draw|
51,Move,|get||player|,get
51,Move,|set||player|,set
51,Move,|get||move||x|,|get||move||x|
51,Move,|set||move||x|,|set||move|
51,Move,|get||move||y|,|get||move||move|
51,Move,|set||move||y|,|set||move||y|
51,Player,|get||type|,|get||type|
51,Player,|set||type|,|set||type|
51,Player,|get||id|,|get||id|
51,Player,|set||id|,|set||id|
51,PlayGame,|get||type|,|get||type|
51,PlayGame,|set||type|,|set||type|
51,PlayGame,|get||id|,|get||id|
51,PlayGame,|set||id|,|set||id|
51,GameTest,|get||type|,|get||type|
51,GameTest,|set||type|,|set||type|
51,GameTest,|get||id|,|get||id|
51,GameTest,|set||id|,|set||id|
101,PlayGame,main,main
101,PlayGame,|send||game||board||to||all||players|,validate
101,PlayGame,stop,stop
91,PlayGame,main,main
91,PlayGame,|send||game||board||to||all||players|,validate
91,PlayGame,stop,stop
73,Message,|get||message|,|get||json||string|
73,Message,|get||move||validity|,|is||move|
73,Message,|get||code|,|get||code|
73,Message,|get||message||body|,|get||message|
73,GameBoard,|add||p|,|set||p|
73,GameBoard,|get||p||type|,|get||type|
73,GameBoard,|get||p|,|get||p|
73,GameBoard,|get||p|,|get||p|
73,GameBoard,|get||board|,|get||json||string|
73,GameBoard,|start||game|,|init||started|
73,GameBoard,move,|move||move|
73,GameBoard,|check||win|,check
73,GameBoard,|check||draw|,test
73,Move,|get||move||x|,|get||move||x|
73,Move,|get||move||y|,|get||move||move|
73,Move,|get||player|,get
73,Player,|get||type|,|get||type|
73,Player,|get||id|,|get||id|
73,PlayGame,|get||type|,|get||type|
73,PlayGame,|get||id|,|get||id|
73,GameTest,|get||type|,|get||type|
73,GameTest,|get||id|,|get||id|
73,UnitTest,|get||type|,|get||type|
73,UnitTest,|get||id|,|get||id|
20,PlayGame,main,main
20,PlayGame,|send||game||board||to||all||players|,validate
20,PlayGame,stop,stop
10,PlayGame,main,main
10,PlayGame,|send||game||board||to||all||players|,validate
10,PlayGame,stop,stop
17,Message,|is||move||validity|,|is||move|
17,Message,|set||move||validity|,|set||move|
17,Message,|get||code|,|get||code|
17,Message,|set||code|,|set||code|
17,Message,|get||message|,|get||message|
17,Message,|set||message|,|set||message|
17,Message,|to||json|,|get||value|
17,GameBoard,|is||move||validity|,|is||move|
17,GameBoard,|set||move||validity|,|set||move|
17,GameBoard,|get||code|,|get||code|
17,GameBoard,|set||code|,|set||code|
17,GameBoard,|get||message|,|get||message|
17,GameBoard,|set||message|,|set||message|
17,GameBoard,|to||json|,|get||value|
17,Move,|get||player|,get
17,Move,|set||player|,set
17,Move,|get||move||x|,|get||move||x|
17,Move,|set||move||x|,|set||move|
17,Move,|get||move||y|,|get||move||move|
17,Move,|set||move||y|,|set||move||y|
17,Player,|get||type|,|get||type|
17,Player,|set||type|,|set||type|
17,Player,|get||id|,|get||id|
17,Player,|set||id|,|set||id|
17,SqliteDatabase,|get||type|,|get||type|
17,SqliteDatabase,|set||type|,|set||type|
17,SqliteDatabase,|get||id|,|get||id|
17,SqliteDatabase,|set||id|,|set||id|
17,PlayGame,|get||type|,|get||type|
17,PlayGame,|set||type|,|set||type|
17,PlayGame,|get||id|,|get||id|
17,PlayGame,|set||id|,|set||id|
17,PlayGameTest,|get||type|,|get||type|
17,PlayGameTest,|set||type|,|set||type|
17,PlayGameTest,|get||id|,|get||id|
17,PlayGameTest,|set||id|,|set||id|
17,MessageTest,|test||message||contructor|,|test||move||move|
17,MessageTest,|test||set||move||validity|,|test||move||move|
17,MessageTest,|test||set||code|,|test||code|
17,MessageTest,|test||set||message|,|test||message||message|
17,MessageTest,|test||to||json|,|test||move|
17,MoveTest,|test||move||contructor|,|test||move||move||move||move|
17,MoveTest,|test||set||player|,|test||move||move|
17,MoveTest,|test||set||move||x|,|test||move||move||move|
17,MoveTest,|test||set||move||y|,|test||move||move||move|
17,GameBoardTest,|test||move||contructor|,|test||move||move||move||move|
17,GameBoardTest,|test||set||player|,|test||move||move|
17,GameBoardTest,|test||set||move||x|,|test||move||move||move|
17,GameBoardTest,|test||set||move||y|,|test||move||move||move|
17,SqliteDatabaseTest,|test||move||contructor|,|test||move||move||move||move|
17,SqliteDatabaseTest,|test||set||player|,|test||move||move|
17,SqliteDatabaseTest,|test||set||move||x|,|test||move||move||move|
17,SqliteDatabaseTest,|test||set||move||y|,|test||move||move||move|
17,PlayerTest,|test||move||contructor|,|test||type|
17,PlayerTest,|test||set||type|,|test||type|
17,PlayerTest,|test||set||id|,|test||id||of|
53,Message,|get||validity|,move
53,Message,|get||code|,|get||code|
53,Message,|get||message|,|get||message|
53,GameBoard,update,foo
53,GameBoard,|valid||move|,|move||move|
53,GameBoard,|make||movement|,move
53,GameBoard,|set||player|,|set||p|
53,GameBoard,|set||player|,|set||started|
53,GameBoard,|get||board|,|get||component|
53,GameBoard,|get||p|,|get||p|
53,GameBoard,|get||p|,|get||p|
53,GameBoard,|get||game||status|,|is||started|
53,GameBoard,|set||game||status|,|set||started|
53,GameBoard,|is||game||draw|,|is||draw|
53,GameBoard,|get||winner|,get
53,GameBoard,|get||piece|,|get||value|
53,GameBoard,|get||turn|,get
53,GameBoard,|set||piece|,|set||row|
53,GameBoard,|set||turn|,set
53,Move,|get||x|,|get||move||x|
53,Move,|get||y|,|get||move||move|
53,Move,|get||player||id|,|get||id|
53,Move,|get||player||type|,|get||type|
53,Player,|get||type|,|get||type|
53,Player,|get||id|,|get||id|
53,Database,|get||type|,|get||type|
53,Database,|get||id|,|get||id|
53,PlayGame,|get||type|,|get||type|
53,PlayGame,|get||id|,|get||id|
53,RecoveryTest,|get||type|,|get||type|
53,RecoveryTest,|get||id|,|get||id|
53,GameTest,|get||type|,|get||type|
53,GameTest,|get||id|,|get||id|
53,DatabaseTest,|get||type|,|get||type|
53,DatabaseTest,|get||id|,|get||id|
18,PlayGame,main,main
18,PlayGame,|send||game||board||to||all||players|,validate
18,PlayGame,stop,stop
69,Message,|get||move||validity|,move
69,Message,|get||code|,|get||code|
69,Message,|get||message|,|get||message|
69,GameBoard,|get||player||by||id|,|get||id|
69,GameBoard,|start||game|,|init||started|
69,GameBoard,|attempt||move|,move
69,GameBoard,|in||win||state|,|is||empty|
69,GameBoard,|check||all||same||type|,|is||equal|
69,GameBoard,|in||draw||state|,|is||in|
69,GameBoard,|get||p|,|get||p|
69,GameBoard,|set||p|,|set||p|
69,GameBoard,|get||p|,|get||p|
69,GameBoard,|set||p|,|set||p|
69,GameBoard,|get||game||started|,|is||started|
69,GameBoard,|get||turn|,get
69,GameBoard,|get||board||state|,|get||state|
69,GameBoard,|get||winner|,get
69,GameBoard,|get||is||draw|,|is||draw|
69,Move,|get||player|,get
69,Move,|get||move||x|,|get||move|
69,Move,|get||move||y|,|get||move||move|
69,Player,|get||type|,|get||type|
69,Player,|get||id|,|get||id|
69,PlayGame,|get||type|,|get||type|
69,PlayGame,|get||id|,|get||id|
11,PlayGame,main,main
11,PlayGame,|send||game||board||to||all||players|,validate
11,PlayGame,stop,stop
1,Message,|set||move||validity|,|set||move|
1,Message,|set||code|,|set||code|
1,Message,|set||message|,|set||message|
1,Message,|get||move||validity|,|is||move|
1,Message,|get||code|,|get||code|
1,Message,|get||message|,|get||message|
1,GameBoard,|set||player|,|set||p|
1,GameBoard,|set||player|,|set||p|
1,GameBoard,|set||game||started|,|set||started||started|
1,GameBoard,|set||turn|,set
1,GameBoard,|set||board||state|,set
1,GameBoard,|set||winner|,|set||students|
1,GameBoard,|set||is||draw|,|set||draw|
1,GameBoard,|get||player|,|get||p|
1,GameBoard,|get||player|,|get||p|
1,GameBoard,|get||game||started|,|is||started|
1,GameBoard,|get||turn|,|get||int|
1,GameBoard,|get||board||state|,|get||state|
1,GameBoard,|get||winner|,get
1,GameBoard,|get||is||draw|,|is||draw|
1,Move,|set||player|,set
1,Move,|set||moxe||x|,|set||move|
1,Move,|set||move||y|,|set||move||y|
1,Move,|get||player|,get
1,Move,|get||move||x|,|get||move||x|
1,Move,|get||move||y|,|get||move||move|
1,Player,|set||type|,|set||type|
1,Player,|get||type|,|get||type|
1,Player,|get||id|,|get||id|
1,PlayGame,|set||type|,|set||type|
1,PlayGame,|get||type|,|get||type|
1,PlayGame,|get||id|,|get||id|
3,Message,|get||move||validity|,|is||move|
3,Message,|set||move||validity|,|set||move|
3,Message,|get||code|,|get||code|
3,Message,|set||code|,|set||code|
3,Message,|get||message|,|get||message|
3,Message,|set||message|,|set||message|
3,Message,|to||json|,|get||value|
3,GameBoard,|get||move||validity|,|is||move|
3,GameBoard,|set||move||validity|,|set||move|
3,GameBoard,|get||code|,|get||code|
3,GameBoard,|set||code|,|set||code|
3,GameBoard,|get||message|,|get||message|
3,GameBoard,|set||message|,|set||message|
3,GameBoard,|to||json|,|get||value|
3,Move,|get||player|,get
3,Move,|set||player|,set
3,Move,|get||move||x|,|get||move||x|
3,Move,|set||move||x|,|set||move|
3,Move,|get||move||y|,|get||move||move|
3,Move,|set||move||y|,|set||move||y|
3,Player,|get||id|,|get||id|
3,Player,|get||type|,|get||type|
3,Player,|get||opposing||type|,|get||type|
3,Player,|set||type|,|set||type|
3,Player,|set||id|,|set||id|
3,PlayGame,|get||id|,|get||id|
3,PlayGame,|get||type|,|get||type|
3,PlayGame,|get||opposing||type|,|get||type|
3,PlayGame,|set||type|,|set||type|
3,PlayGame,|set||id|,|set||id|
32,Message,|get||move||validity|,move
32,Message,|get||code|,|get||code|
32,Message,|get||message|,|get||message|
32,Message,|set||move||validity|,|set||move|
32,Message,|set||code|,|set||code|
32,Message,|set||message|,|set||message|
32,GameBoard,|get||move||validity|,move
32,GameBoard,|get||code|,|get||code|
32,GameBoard,|get||message|,|get||message|
32,GameBoard,|set||move||validity|,|set||move|
32,GameBoard,|set||code|,|set||code|
32,GameBoard,|set||message|,|set||message|
32,Move,|get||player|,get
32,Move,|set||player|,set
32,Move,|get||move||x|,|get||move||x|
32,Move,|set||move||x|,|set||move|
32,Move,|get||move||y|,|get||move||move|
32,Move,|set||move||y|,|set||move||y|
32,Player,|get||id|,|get||id|
32,Player,|get||type|,|get||type|
32,Player,|set||id|,|set||id|
32,Player,|set||type|,|set||type|
32,MyDatabase,|get||id|,|get||id|
32,MyDatabase,|get||type|,|get||type|
32,MyDatabase,|set||id|,|set||id|
32,MyDatabase,|set||type|,|set||type|
32,PlayGame,|get||id|,|get||id|
32,PlayGame,|get||type|,|get||type|
32,PlayGame,|set||id|,|set||id|
32,PlayGame,|set||type|,|set||type|
32,UnitTest,|get||id|,|get||id|
32,UnitTest,|get||type|,|get||type|
32,UnitTest,|set||id|,|set||id|
32,UnitTest,|set||type|,|set||type|
32,DataBaseTest,|create||connection||test|,|set||up|
32,DataBaseTest,|create||table||test|,setup
32,DataBaseTest,|clean||table||test|,|tear||down|
32,DataBaseTest,|add||move||test|,|test||move||move|
32,DataBaseTest,|update||game||board||test|,|test||update|
32,DataBaseTest,|recovery||from||database||test|,|test||one||to||many||to||many|
32,RobustnessTest,|create||connection||test|,|set||up|
32,RobustnessTest,|create||table||test|,setup
32,RobustnessTest,|clean||table||test|,|tear||down|
32,RobustnessTest,|add||move||test|,|test||move||move|
32,RobustnessTest,|update||game||board||test|,|test||update|
32,RobustnessTest,|recovery||from||database||test|,|test||one||to||many||to||many|
32,GameTest,|create||connection||test|,|set||up|
32,GameTest,|create||table||test|,setup
32,GameTest,|clean||table||test|,|tear||down|
32,GameTest,|add||move||test|,|test||move||move|
32,GameTest,|update||game||board||test|,|test||update|
32,GameTest,|recovery||from||database||test|,|test||one||to||many||to||many|
78,PlayGame,main,main
78,PlayGame,|send||game||board||to||all||players|,validate
78,PlayGame,stop,stop
79,PlayGame,main,main
79,PlayGame,|send||game||board||to||all||players|,validate
79,PlayGame,stop,stop
12,PlayGame,main,main
12,PlayGame,|send||game||board||to||all||players|,validate
12,PlayGame,stop,stop
15,PlayGame,main,main
15,PlayGame,|send||game||board||to||all||players|,validate
15,PlayGame,stop,stop
52,PlayGame,main,main
52,PlayGame,|send||game||board||to||all||players|,validate
52,PlayGame,stop,stop
44,PlayGame,main,main
44,PlayGame,|send||game||board||to||all||players|,validate
44,PlayGame,stop,stop
49,Message,|get||message||code|,|get||code|
49,GameBoard,|get||message||code|,|get||code|
49,Move,|get||player|,get
49,Move,|get||x|,|get||move|
49,Move,|get||y|,|get||move||move|
49,Player,|change||player||type|,|set||input||type|
49,Player,|get||player||type|,|get||type|
49,Player,|get||player||id|,|get||id|
49,PlayGame,|change||player||type|,|set||input||type|
49,PlayGame,|get||player||type|,|get||type|
49,PlayGame,|get||player||id|,|get||id|
47,Message,|get||move||validity|,|is||move|
47,Message,|set||move||validity|,|set||move|
47,Message,|get||code|,|get||code|
47,Message,|set||code|,|set||code|
47,Message,|get||message|,|get||message|
47,Message,|set||message|,|set||message|
47,GameBoard,|get||move||validity|,|is||move|
47,GameBoard,|set||move||validity|,|set||move|
47,GameBoard,|get||code|,|get||code|
47,GameBoard,|set||code|,|set||code|
47,GameBoard,|get||message|,|get||message|
47,GameBoard,|set||message|,|set||message|
47,Move,|get||player|,get
47,Move,|set||player|,set
47,Move,|get||move||x|,|get||move||x|
47,Move,|set||move||x|,|set||move|
47,Move,|get||move||y|,|get||move||move|
47,Move,|set||move||y|,|set||move||y|
47,Player,|get||type|,|get||type|
47,Player,|set||type|,|set||type|
47,Player,|get||id|,|get||id|
47,Player,|set||id|,|set||id|
47,GameDatabase,|get||type|,|get||type|
47,GameDatabase,|set||type|,|set||type|
47,GameDatabase,|get||id|,|get||id|
47,GameDatabase,|set||id|,|set||id|
47,PlayGame,|get||type|,|get||type|
47,PlayGame,|set||type|,|set||type|
47,PlayGame,|get||id|,|get||id|
47,PlayGame,|set||id|,|set||id|
47,GameRebootTest,|get||type|,|get||type|
47,GameRebootTest,|set||type|,|set||type|
47,GameRebootTest,|get||id|,|get||id|
47,GameRebootTest,|set||id|,|set||id|
47,GameTest,|get||type|,|get||type|
47,GameTest,|set||type|,|set||type|
47,GameTest,|get||id|,|get||id|
47,GameTest,|set||id|,|set||id|
47,GameBoardTest,|get||type|,|get||type|
47,GameBoardTest,|set||type|,|set||type|
47,GameBoardTest,|get||id|,|get||id|
47,GameBoardTest,|set||id|,|set||id|
103,PlayGame,main,main
103,PlayGame,|send||game||board||to||all||players|,validate
103,PlayGame,stop,stop
64,PlayGame,main,main
64,PlayGame,|send||game||board||to||all||players|,validate
64,PlayGame,stop,stop
104,PlayGame,main,main
104,PlayGame,|send||game||board||to||all||players|,validate
104,PlayGame,stop,stop
74,PlayGame,main,main
74,PlayGame,|send||game||board||to||all||players|,validate
74,PlayGame,stop,stop
85,PlayGame,main,main
85,PlayGame,|send||game||board||to||all||players|,validate
85,PlayGame,stop,stop
62,Move,|get||player||id|,|get||id|
62,Move,|get||move||x|,|get||move||x|
62,Move,|get||move||y|,|get||move||move|
62,Player,|get||type|,|get||type|
62,Player,|get||player||id|,|get||id|
62,PlayGame,|get||type|,|get||type|
62,PlayGame,|get||player||id|,|get||id|
98,PlayGame,main,main
98,PlayGame,|send||game||board||to||all||players|,validate
98,PlayGame,stop,stop
21,PlayGame,main,main
21,PlayGame,|send||game||board||to||all||players|,validate
21,PlayGame,stop,stop
46,PlayGame,main,main
46,PlayGame,|send||game||board||to||all||players|,validate
46,PlayGame,stop,stop
86,PlayGame,main,main
86,PlayGame,|send||game||board||to||all||players|,validate
86,PlayGame,stop,stop
31,PlayGame,main,main
31,PlayGame,|send||game||board||to||all||players|,validate
31,PlayGame,stop,stop
68,Message,|set||full||message|,|set||move|
68,Message,|get||move||validity|,|is||move|
68,Message,|set||move||validity|,|set||move|
68,Message,|get||code|,|get||code|
68,Message,|set||code|,|set||code|
68,Message,|get||message|,|get||message|
68,Message,|set||message|,|set||message|
68,GameBoard,|get||p|,|get||p|
68,GameBoard,|set||p|,|set||p|
68,GameBoard,|get||p|,|get||p|
68,GameBoard,|set||p|,|set||p|
68,GameBoard,|is||game||started|,|is||started|
68,GameBoard,|set||game||started|,|set||started||started|
68,GameBoard,|get||turn|,|get||int|
68,GameBoard,|set||turn|,set
68,GameBoard,|get||board||state|,|get||state|
68,GameBoard,|set||board||state|,set
68,GameBoard,|get||winner|,get
68,GameBoard,|set||winner|,|set||students|
68,GameBoard,|is||draw|,|is||draw|
68,GameBoard,|set||draw|,|set||draw|
68,Move,|get||player|,get
68,Move,|set||player|,set
68,Move,|get||move||x|,|get||move||x|
68,Move,|set||move||x|,|set||move|
68,Move,|get||move||y|,|get||move||move|
68,Move,|set||move||y|,|set||move||y|
68,Player,|get||type|,|get||type|
68,Player,|set||type|,|set||type|
68,Player,|get||id|,|get||id|
68,Player,|set||id|,|set||id|
68,GameState,|get||game||state|,|get||state|
68,PlayGame,|get||game||state|,|get||state|
68,GameTest,|get||game||state|,|get||state|
19,Message,|getmove||validity|,|is||move|
19,Message,|setmove||validity|,|set||move|
19,Message,getcode,|get||code|
19,Message,setcode,|set||code|
19,Message,getmessage,|get||message|
19,Message,setmessage,|set||message|
19,GameBoard,|getmove||validity|,|is||move|
19,GameBoard,|setmove||validity|,|set||move|
19,GameBoard,getcode,|get||code|
19,GameBoard,setcode,|set||code|
19,GameBoard,getmessage,|get||message|
19,GameBoard,setmessage,|set||message|
19,Move,getplay,get
19,Move,setplayer,set
19,Move,|getmove||x|,|get||move||x|
19,Move,|setmove||x|,|set||move|
19,Move,|getmove||y|,|get||move||move|
19,Move,|setmove||y|,|set||move||y|
19,Player,gettype,|get||type|
19,Player,settype,|set||type|
19,Player,getid,|get||id|
19,Player,setid,|set||id|
19,DatabaseJdbc,gettype,|get||type|
19,DatabaseJdbc,settype,|set||type|
19,DatabaseJdbc,getid,|get||id|
19,DatabaseJdbc,setid,|set||id|
19,PlayGame,gettype,|get||type|
19,PlayGame,settype,|set||type|
19,PlayGame,getid,|get||id|
19,PlayGame,setid,|set||id|
19,GameFailTest,gettype,|get||type|
19,GameFailTest,settype,|set||type|
19,GameFailTest,getid,|get||id|
19,GameFailTest,setid,|set||id|
19,GameWinTest,gettype,|get||type|
19,GameWinTest,settype,|set||type|
19,GameWinTest,getid,|get||id|
19,GameWinTest,setid,|set||id|
19,GameCrashTest,gettype,|get||type|
19,GameCrashTest,settype,|set||type|
19,GameCrashTest,getid,|get||id|
19,GameCrashTest,setid,|set||id|
19,DatabaseMethodTest,gettype,|get||type|
19,DatabaseMethodTest,settype,|set||type|
19,DatabaseMethodTest,getid,|get||id|
19,DatabaseMethodTest,setid,|set||id|
19,MethodTest,gettype,|get||type|
19,MethodTest,settype,|set||type|
19,MethodTest,getid,|get||id|
19,MethodTest,setid,|set||id|
102,Message,|get||move||validity|,move
102,Message,|get||code|,|get||code|
102,Message,|get||message|,|get||message|
102,Message,|set||move||validity|,|set||move|
102,Message,|set||message|,|set||message|
102,Message,|set||code|,|set||code|
102,GameBoard,|get||player|,|get||p|
102,GameBoard,|get||cur||player|,get
102,GameBoard,|get||board||state|,|get||state|
102,GameBoard,|get||board||state||at|,get
102,GameBoard,|get||game||started|,|is||started|
102,GameBoard,|get||draw|,|is||draw|
102,GameBoard,|get||winner|,get
102,GameBoard,|set||p|,|set||p|
102,GameBoard,|set||p|,|set||p|
102,GameBoard,|set||turn|,|set||id|
102,GameBoard,|set||draw|,|set||draw|
102,GameBoard,|set||winner|,|set||id|
102,GameBoard,|set||game||started|,|set||started|
102,GameBoard,|set||board||state|,|set||state|
102,GameBoard,|set||board||state||at|,set
102,Move,|get||x|,|get||move|
102,Move,|get||y|,|get||move||move|
102,Move,|get||player|,get
102,Move,|set||x|,|set||x|
102,Move,|set||y|,|set||x|
102,Move,|set||player|,set
102,Player,|get||id|,|get||id|
102,Player,|get||type|,|get||type|
102,Player,|set||id|,|set||id|
102,Player,|set||type|,|set||type|
102,PlayGame,main,main
102,PlayGame,|get||parameters||map|,|get||map|
102,PlayGame,|send||game||board||to||all||players|,validate
102,PlayGame,stop,stop
102,BoardController,main,main
102,BoardController,|get||parameters||map|,|get||map|
102,BoardController,|send||game||board||to||all||players|,validate
102,BoardController,stop,stop
75,Message,main,main
75,Message,|get||parameters||map|,|get||map|
75,Message,|send||game||board||to||all||players|,validate
75,Message,stop,stop
75,GameBoard,main,main
75,GameBoard,|get||parameters||map|,|get||map|
75,GameBoard,|send||game||board||to||all||players|,validate
75,GameBoard,stop,stop
75,Move,|get||move||x|,|get||move||x|
75,Move,|get||move||y|,|get||move||move|
75,Move,setplayer,set
75,Move,getplayer,get
75,Player,|get||type|,|get||type|
75,Player,|set||type|,|set||type|
75,Player,|get||id|,|get||id|
75,Player,|set||id|,|set||id|
75,Database,|get||type|,|get||type|
75,Database,|set||type|,|set||type|
75,Database,|get||id|,|get||id|
75,Database,|set||id|,|set||id|
75,PlayGame,|get||type|,|get||type|
75,PlayGame,|set||type|,|set||type|
75,PlayGame,|get||id|,|get||id|
75,PlayGame,|set||id|,|set||id|
75,GameTest,|get||type|,|get||type|
75,GameTest,|set||type|,|set||type|
75,GameTest,|get||id|,|get||id|
75,GameTest,|set||id|,|set||id|
75,UnitTest,|get||type|,|get||type|
75,UnitTest,|set||type|,|set||type|
75,UnitTest,|get||id|,|get||id|
75,UnitTest,|set||id|,|set||id|
2,Message,|is||move||validity|,|is||move|
2,Message,|set||move||validity|,|set||move|
2,Message,|get||code|,|get||code|
2,Message,|set||code|,|set||code|
2,Message,|get||message|,|get||message|
2,Message,|set||message|,|set||message|
2,GameBoard,|get||p|,|get||p|
2,GameBoard,|set||p|,|set||p|
2,GameBoard,|get||p|,|get||p|
2,GameBoard,|set||p|,|set||p|
2,GameBoard,|is||game||started|,|is||started|
2,GameBoard,|set||game||started|,|set||started||started|
2,GameBoard,|get||turn|,|get||int|
2,GameBoard,|set||turn|,set
2,GameBoard,|get||board||state|,|get||state|
2,GameBoard,|set||board||state|,|set||state|
2,GameBoard,|get||winner|,get
2,GameBoard,|set||winner|,|set||students|
2,GameBoard,|is||draw|,|is||draw|
2,GameBoard,|set||draw|,|set||draw|
2,Move,|get||player|,get
2,Move,|set||player|,set
2,Move,|get||move||x|,|get||move||x|
2,Move,|set||move||x|,|set||move|
2,Move,|get||move||y|,|get||move||move|
2,Move,|set||move||y|,|set||move||y|
2,Player,|get||type|,|get||type|
2,Player,|set||type|,|set||type|
2,Player,|get||id|,|get||id|
2,Player,|set||id|,|set||id|
2,DatabaseJdbc,|get||type|,|get||type|
2,DatabaseJdbc,|set||type|,|set||type|
2,DatabaseJdbc,|get||id|,|get||id|
2,DatabaseJdbc,|set||id|,|set||id|
2,PlayGame,|get||type|,|get||type|
2,PlayGame,|set||type|,|set||type|
2,PlayGame,|get||id|,|get||id|
2,PlayGame,|set||id|,|set||id|
2,GameTest,|get||type|,|get||type|
2,GameTest,|set||type|,|set||type|
2,GameTest,|get||id|,|get||id|
2,GameTest,|set||id|,|set||id|
2,DatabaseTest,|get||type|,|get||type|
2,DatabaseTest,|set||type|,|set||type|
2,DatabaseTest,|get||id|,|get||id|
2,DatabaseTest,|set||id|,|set||id|
2,MethodsTest,|get||type|,|get||type|
2,MethodsTest,|set||type|,|set||type|
2,MethodsTest,|get||id|,|get||id|
2,MethodsTest,|set||id|,|set||id|
90,PlayGame,main,main
90,PlayGame,|send||game||board||to||all||players|,validate
90,PlayGame,stop,stop
58,Message,|get||move||validity|,move
58,Message,|set||move||validity|,|set||move|
58,Message,|get||code|,|get||code|
58,Message,|set||code|,|set||code|
58,Message,|get||message|,|get||message|
58,Message,|set||message|,|set||message|
58,GameBoard,|get||p|,|get||p|
58,GameBoard,|set||p|,|set||p|
58,GameBoard,|get||p|,|get||p|
58,GameBoard,|set||p|,|set||p|
58,GameBoard,|get||game||started|,|is||started|
58,GameBoard,|set||game||started|,|set||started|
58,GameBoard,|get||turn|,get
58,GameBoard,|set||turn|,set
58,GameBoard,|get||board||state|,|get||state|
58,GameBoard,|set||board||state|,move
58,GameBoard,|get||winner|,get
58,GameBoard,|set||winner|,set
58,GameBoard,|get||is||draw|,|is||draw|
58,GameBoard,|set||is||draw|,|set||draw|
58,Move,|get||player|,get
58,Move,|set||player|,set
58,Move,|get||move||x|,|get||move|
58,Move,|set||move||x|,|set||x|
58,Move,|get||move||y|,|get||move||move|
58,Move,|set||move||y|,|set||y|
58,Player,|get||type|,|get||type|
58,Player,|set||type|,|set||type|
58,Player,|get||id|,|get||id|
58,Player,|set||id|,|set||id|
58,PlayGame,|get||type|,|get||type|
58,PlayGame,|set||type|,|set||type|
58,PlayGame,|get||id|,|get||id|
58,PlayGame,|set||id|,|set||id|
58,GameTest,|get||type|,|get||type|
58,GameTest,|set||type|,|set||type|
58,GameTest,|get||id|,|get||id|
58,GameTest,|set||id|,|set||id|
81,PlayGame,main,main
81,PlayGame,|send||game||board||to||all||players|,validate
81,PlayGame,stop,stop
92,PlayGame,main,main
92,PlayGame,|send||game||board||to||all||players|,validate
92,PlayGame,stop,stop
93,Message,|is||move||validity|,|is||move|
93,Message,|set||move||validity|,|set||move|
93,Message,|get||code|,|get||code|
93,Message,|set||code|,|set||code||status|
93,Message,|get||message|,|get||message|
93,Message,|set||message|,|set||message|
93,GameBoard,update,get
93,GameBoard,|get||p|,|get||p|
93,GameBoard,|set||p|,|set||p|
93,GameBoard,|get||p|,|get||p|
93,GameBoard,|set||p|,|set||p|
93,GameBoard,|is||game||started|,|is||started|
93,GameBoard,|set||game||started|,|set||started||started|
93,GameBoard,|get||turn|,|get||int|
93,GameBoard,|set||turn|,set
93,GameBoard,|get||board||state|,|get||state|
93,GameBoard,|set||board||state|,|set||state|
93,GameBoard,|get||winner|,get
93,GameBoard,|set||winner|,set
93,GameBoard,|get||is||draw|,|is||draw|
93,GameBoard,|set||is||draw|,|set||draw|
93,Player,|get||type|,|get||type|
93,Player,|set||type|,|set||type|
93,Player,|get||id|,|get||id|
93,Player,|set||id|,|set||id|
22,PlayGame,main,main
22,PlayGame,|send||game||board||to||all||players|,validate
22,PlayGame,stop,stop
71,PlayGame,main,main
71,PlayGame,|send||game||board||to||all||players|,validate
71,PlayGame,stop,stop
100,PlayGame,main,main
100,PlayGame,|send||game||board||to||all||players|,validate
100,PlayGame,stop,stop
40,PlayGame,main,main
40,PlayGame,|send||game||board||to||all||players|,validate
40,PlayGame,stop,stop
50,Move,|get||player|,get
50,Move,|get||move||x|,|get||move||x|
50,Move,|get||move||y|,|get||move||move|
50,Player,|get||type|,|get||type|
50,Player,|get||id|,|get||id|
50,PlayGame,|get||type|,|get||type|
50,PlayGame,|get||id|,|get||id|
28,Message,|get||validity|,|is||move|
28,Message,|get||code|,|get||code|
28,GameBoard,|get||validity|,|is||move|
28,GameBoard,|get||code|,|get||code|
28,Move,|get||x|,|get||move||x|
28,Move,|get||y|,|get||move||move|
28,Move,|get||player|,get
28,Player,set,|set||type|
28,Player,|get||id|,|get||id|
28,Player,|get||type|,|get||type|
28,PlayGame,set,|set||type|
28,PlayGame,|get||id|,|get||id|
28,PlayGame,|get||type|,|get||type|
28,GameTest,set,|set||type|
28,GameTest,|get||id|,|get||id|
28,GameTest,|get||type|,|get||type|
28,UnitTest,set,|set||type|
28,UnitTest,|get||id|,|get||id|
28,UnitTest,|get||type|,|get||type|
7,PlayGame,main,main
7,PlayGame,|send||game||board||to||all||players|,validate
7,PlayGame,stop,stop
77,Message,|is||move||validity|,|is||move|
77,Message,|set||move||validity|,|set||move|
77,Message,|get||code|,|get||code|
77,Message,|set||code|,|set||code|
77,Message,|get||message|,|get||message|
77,Message,|set||message|,|set||message|
77,GameBoard,|is||move||validity|,|is||move|
77,GameBoard,|set||move||validity|,|set||move|
77,GameBoard,|get||code|,|get||code|
77,GameBoard,|set||code|,|set||code|
77,GameBoard,|get||message|,|get||message|
77,GameBoard,|set||message|,|set||message|
77,Move,|get||player|,get
77,Move,|set||player|,set
77,Move,|get||move||x|,|get||move||x|
77,Move,|set||move||x|,|set||move|
77,Move,|get||move||y|,|get||move||move|
77,Move,|set||move||y|,|set||move||y|
77,Player,|get||type|,|get||type|
77,Player,|set||type|,|set||type|
77,Player,|get||id|,|get||id|
77,Player,|set||id|,|set||id|
77,DatabaseJdbc,|get||type|,|get||type|
77,DatabaseJdbc,|set||type|,|set||type|
77,DatabaseJdbc,|get||id|,|get||id|
77,DatabaseJdbc,|set||id|,|set||id|
77,PlayGame,|get||type|,|get||type|
77,PlayGame,|set||type|,|set||type|
77,PlayGame,|get||id|,|get||id|
77,PlayGame,|set||id|,|set||id|
77,PlayGameTest,|get||type|,|get||type|
77,PlayGameTest,|set||type|,|set||type|
77,PlayGameTest,|get||id|,|get||id|
77,PlayGameTest,|set||id|,|set||id|
77,GameBoardTest,|get||type|,|get||type|
77,GameBoardTest,|set||type|,|set||type|
77,GameBoardTest,|get||id|,|get||id|
77,GameBoardTest,|set||id|,|set||id|
55,PlayGame,main,main
55,PlayGame,|send||game||board||to||all||players|,validate
55,PlayGame,stop,stop
45,Message,|is||move||validity|,|is||move|
45,Message,|set||move||validity|,|set||move|
45,Message,|get||code|,|get||code|
45,Message,|set||code|,|set||code|
45,Message,|get||message|,|get||message|
45,Message,|set||message|,|set||message|
45,GameBoard,|is||move||validity|,|is||move|
45,GameBoard,|set||move||validity|,|set||move|
45,GameBoard,|get||code|,|get||code|
45,GameBoard,|set||code|,|set||code|
45,GameBoard,|get||message|,|get||message|
45,GameBoard,|set||message|,|set||message|
45,Move,|get||player|,get
45,Move,|set||player|,set
45,Move,|get||move||x|,|get||move||x|
45,Move,|set||move||x|,|set||move|
45,Move,|get||move||y|,|get||move||move|
45,Move,|set||move||y|,|set||move||y|
45,Player,|get||type|,|get||type|
45,Player,|set||type|,|set||type|
45,Player,|get||id|,|get||id|
45,Player,|set||id|,|set||id|
45,PlayGame,main,main
45,PlayGame,|send||game||board||to||all||players|,validate
45,PlayGame,stop,stop
37,PlayGame,main,main
37,PlayGame,|send||game||board||to||all||players|,validate
37,PlayGame,stop,stop
29,PlayGame,main,main
29,PlayGame,|send||game||board||to||all||players|,validate
29,PlayGame,stop,stop
