submission_id,file_name,method_name,prediction,most_similar,most_similar_index
24,Message,|get||move||validity|,|is||move|,|is||move|,35
24,Message,|set||move||validity|,|set||move|,|set||move|,24
24,Message,|get||code|,|get||code|,|get||code|,37
24,Message,|set||code|,|set||code|,|set||code|,38
24,Message,|get||message|,|get||message|,|get||message|,39
24,Message,|set||message|,|set||message|,|set||message|,40
24,GameBoard,|get||p|,|get||p|,|get||p|,8
24,GameBoard,|set||p|,|set||p|,|set||p|,9
24,GameBoard,|get||p|,|get||p|,|get||p|,6
24,GameBoard,|set||p|,|set||p|,|set||p|,7
24,GameBoard,|is||game||started|,|is||started|,|is||started|,262
24,GameBoard,|set||game||started|,|set||started||started|,|set||started||started|,263
24,GameBoard,|get||turn|,|get||int|,|get||int|,264
24,GameBoard,|set||turn|,set,|e|,1047
24,GameBoard,|get||board||state|,|get||state|,|get||state|,1503
24,GameBoard,|set||board||state|,|set||state|,|set||state|,267
24,GameBoard,|set||board||state|,set,|e|,1047
24,GameBoard,|get||winner|,get,|e|,1047
24,GameBoard,|set||winner|,|set||students|,|set||students|,269
24,GameBoard,|is||draw|,|is||draw|,|is||draw|,270
24,GameBoard,|set||draw|,|set||draw|,|set||draw|,271
24,Move,|get||player|,get,|e|,1047
24,Move,|set||player|,set,|e|,1047
24,Move,|get||move||x|,|get||move||x|,|get||move||x|,920
24,Move,|set||move||x|,|set||move|,|set||move|,1
24,Move,|get||move||y|,|get||move||move|,|get||move||move|,51
24,Move,|set||move||y|,|set||move||y|,|set||move||y|,52
24,Player,|set||type|,|set||type|,|set||type|,31
24,Player,|get||type|,|get||type|,|get||type|,32
24,Player,|set||id|,|set||id|,|set||id|,33
24,Player,|get||id|,|get||id|,|get||id|,34
24,PlayGame,|set||type|,|set||type|,|set||type|,27
24,PlayGame,|get||type|,|get||type|,|get||type|,28
24,PlayGame,|set||id|,|set||id|,|set||id|,29
24,PlayGame,|get||id|,|get||id|,|get||id|,30
65,Message,|is||move||validity|,|is||move|,|is||move|,0
65,Message,|set||move||validity|,|set||move|,|set||move|,1
65,Message,|get||code|,|get||code|,|get||code|,2
65,Message,|set||code|,|set||code|,|set||code|,3
65,Message,|get||message|,|get||message|,|get||message|,4
65,Message,|set||message|,|set||message|,|set||message|,5
65,GameBoard,|is||move||validity|,|is||move|,|is||move|,0
65,GameBoard,|set||move||validity|,|set||move|,|set||move|,1
65,GameBoard,|get||code|,|get||code|,|get||code|,2
65,GameBoard,|set||code|,|set||code|,|set||code|,3
65,GameBoard,|get||message|,|get||message|,|get||message|,4
65,GameBoard,|set||message|,|set||message|,|set||message|,5
65,Move,|get||player|,get,|e|,1047
65,Move,|set||player|,set,|e|,1047
65,Move,|get||move||x|,|get||move||x|,|get||move||x|,920
65,Move,|set||move||x|,|set||move|,|set||move|,1
65,Move,|get||move||y|,|get||move||move|,|get||move||move|,25
65,Move,|set||move||y|,|set||move||y|,|set||move||y|,26
65,Player,|get||type|,|get||type|,|get||type|,28
65,Player,|set||type|,|set||type|,|set||type|,27
65,Player,|get||id|,|get||id|,|get||id|,30
65,Player,|set||id|,|set||id|,|set||id|,29
65,PlayGame,|get||type|,|get||type|,|get||type|,28
65,PlayGame,|set||type|,|set||type|,|set||type|,27
65,PlayGame,|get||id|,|get||id|,|get||id|,30
65,PlayGame,|set||id|,|set||id|,|set||id|,29
65,GameTest,|get||type|,|get||type|,|get||type|,28
65,GameTest,|set||type|,|set||type|,|set||type|,27
65,GameTest,|get||id|,|get||id|,|get||id|,30
65,GameTest,|set||id|,|set||id|,|set||id|,29
65,TicTacToeTest,|get||type|,|get||type|,|get||type|,28
65,TicTacToeTest,|set||type|,|set||type|,|set||type|,27
65,TicTacToeTest,|get||id|,|get||id|,|get||id|,30
65,TicTacToeTest,|set||id|,|set||id|,|set||id|,29
43,PlayGame,main,main,|ai|,1530
43,PlayGame,|send||game||board||to||all||players|,validate,|alidat|,73
43,PlayGame,stop,stop,|to|,466
61,PlayGame,main,main,|ai|,1530
61,PlayGame,|send||game||board||to||all||players|,validate,|alidat|,70
61,PlayGame,stop,stop,|to|,466
59,PlayGame,main,main,|ai|,1530
59,PlayGame,|send||game||board||to||all||players|,validate,|alidat|,70
59,PlayGame,stop,stop,|to|,466
80,PlayGame,main,main,|ai|,1530
80,PlayGame,|send||game||board||to||all||players|,validate,|alidat|,70
80,PlayGame,stop,stop,|to|,466
70,Message,|is||move||validity|,|is||move|,|is||move|,0
70,Message,|set||move||validity|,|set||move|,|set||move|,1
70,Message,|get||code|,|get||code|,|get||code|,2
70,Message,|set||code|,|set||code|,|set||code|,3
70,Message,|get||message|,|get||message|,|get||message|,4
70,Message,|set||message|,|set||message|,|set||message|,5
70,GameBoard,|is||move||validity|,|is||move|,|is||move|,0
70,GameBoard,|set||move||validity|,|set||move|,|set||move|,1
70,GameBoard,|get||code|,|get||code|,|get||code|,2
70,GameBoard,|set||code|,|set||code|,|set||code|,3
70,GameBoard,|get||message|,|get||message|,|get||message|,4
70,GameBoard,|set||message|,|set||message|,|set||message|,5
70,Move,|get||player|,get,|e|,1047
70,Move,|set||player|,set,|e|,1047
70,Move,|get||move||x|,|get||move||x|,|get||move||x|,920
70,Move,|set||move||x|,|set||move|,|set||move|,1
70,Move,|get||move||y|,|get||move||move|,|get||move||move|,25
70,Move,|set||move||y|,|set||move||y|,|set||move||y|,26
70,Player,|get||type|,|get||type|,|get||type|,28
70,Player,|set||type|,|set||type|,|set||type|,27
70,Player,|get||id|,|get||id|,|get||id|,30
70,Player,|set||id|,|set||id|,|set||id|,29
70,PlayGame,|get||type|,|get||type|,|get||type|,28
70,PlayGame,|set||type|,|set||type|,|set||type|,27
70,PlayGame,|get||id|,|get||id|,|get||id|,30
70,PlayGame,|set||id|,|set||id|,|set||id|,29
97,PlayGame,main,main,|ai|,1530
97,PlayGame,|send||game||board||to||all||players|,validate,|alidat|,70
97,PlayGame,stop,stop,|to|,466
82,PlayGame,main,main,|ai|,1530
82,PlayGame,|send||game||board||to||all||players|,validate,|alidat|,70
82,PlayGame,stop,stop,|to|,466
27,PlayGame,main,main,|ai|,1530
27,PlayGame,|send||game||board||to||all||players|,validate,|alidat|,70
27,PlayGame,stop,stop,|to|,466
9,Message,|set||message|,|set||message|,|set||message|,5
9,Message,|message||json|,|get||value|,|get||value|,120
9,Message,|get||code|,|get||code|,|get||code|,2
9,GameBoard,|set||message|,|set||message|,|set||message|,5
9,GameBoard,|message||json|,|get||value|,|get||value|,117
9,GameBoard,|get||code|,|get||code|,|get||code|,2
9,Calculator,add,foo,|o|,565
9,Calculator,division,|get||n|,|get||move||count|,529
9,Move,|set||move|,|set||move|,|set||move|,1
9,Move,|get||move||x|,|get||move|,|get||move|,661
9,Move,|get||move||y|,|get||move||move|,|get||move||move|,25
9,Move,|get||player|,get,|e|,1047
9,Player,|get||type|,|get||type|,|get||type|,28
9,Player,|get||id|,|get||id|,|get||id|,30
9,PlayGame,|get||type|,|get||type|,|get||type|,28
9,PlayGame,|get||id|,|get||id|,|get||id|,30
9,CalculatorTest,|test||add|,|test||add|,|test||add||add|,768
9,CalculatorTest,|test||div||non||zero||denominator|,test,|es|,134
9,CalculatorTest,|test||div||zero||denominator|,test,|es|,133
42,PlayGame,main,main,|ai|,1530
42,PlayGame,|send||game||board||to||all||players|,validate,|alidat|,70
42,PlayGame,stop,stop,|to|,466
5,Message,|is||move||valid|,|is||move|,|is||move|,0
5,Message,|set||move||validity|,|set||move|,|set||move|,1
5,Message,|get||code|,|get||code|,|get||code|,2
5,Message,|set||code|,|set||code|,|set||code|,3
5,Message,|get||message|,|get||message|,|get||message|,4
5,Message,|set||message|,|set||message|,|set||message|,5
5,Message,|to||json|,|to||json||string|,|to||json||string|,151
5,GameBoard,|is||move||valid|,|is||move|,|is||move|,0
5,GameBoard,|set||move||validity|,|set||move|,|set||move|,1
5,GameBoard,|get||code|,|get||code|,|get||code|,2
5,GameBoard,|set||code|,|set||code|,|set||code|,3
5,GameBoard,|get||message|,|get||message|,|get||message|,4
5,GameBoard,|set||message|,|set||message|,|set||message|,5
5,GameBoard,|to||json|,|to||json||string|,|to||json||string|,144
5,Move,|get||player|,get,|e|,1047
5,Move,|set||player|,set,|e|,1047
5,Move,|get||move||x|,|get||move||x|,|get||move||x|,920
5,Move,|set||move||x|,|set||move|,|set||move|,1
5,Move,|get||move||y|,|get||move||move|,|get||move||move|,25
5,Move,|set||move||y|,|set||move||y|,|set||move||y|,26
5,Player,|get||type|,|get||type|,|get||type|,28
5,Player,|set||type|,|set||type|,|set||type|,27
5,Player,|get||id|,|get||id|,|get||id|,30
5,Player,|set||id|,|set||id|,|set||id|,29
5,PlayGame,|get||type|,|get||type|,|get||type|,28
5,PlayGame,|set||type|,|set||type|,|set||type|,27
5,PlayGame,|get||id|,|get||id|,|get||id|,30
5,PlayGame,|set||id|,|set||id|,|set||id|,29
5,Database,|get||type|,|get||type|,|get||type|,28
5,Database,|set||type|,|set||type|,|set||type|,27
5,Database,|get||id|,|get||id|,|get||id|,30
5,Database,|set||id|,|set||id|,|set||id|,29
5,DatabaseTest,|get||type|,|get||type|,|get||type|,28
5,DatabaseTest,|set||type|,|set||type|,|set||type|,27
5,DatabaseTest,|get||id|,|get||id|,|get||id|,30
5,DatabaseTest,|set||id|,|set||id|,|set||id|,29
5,PlayGameTest,|get||type|,|get||type|,|get||type|,28
5,PlayGameTest,|set||type|,|set||type|,|set||type|,27
5,PlayGameTest,|get||id|,|get||id|,|get||id|,30
5,PlayGameTest,|set||id|,|set||id|,|set||id|,29
5,MessageTest,|test||message||constructor|,|test||move||move|,|test||move||move|,179
5,MessageTest,|test||set||move||validity|,|test||move||move|,|test||move||move|,178
5,MessageTest,|test||set||code|,|test||code|,|test||code|,975
5,MessageTest,|test||set||message|,|test||message||message|,|test||message||message|,760
5,MessageTest,|test||to||json|,|test||to||json|,|test||to||json||to||json|,628
5,MoveTest,|test||move||constructor|,|test||move|,|test||move|,187
5,MoveTest,|test||set||player|,|test||move||move|,|test||move||move|,178
5,MoveTest,|test||set||move||x|,|test||move||move||move|,|test||move||move||move|,186
5,MoveTest,|test||set||move||y|,|test||move||move||move|,|test||move||move||move|,185
5,GameBoardTest,|test||move||constructor|,|test||move|,|test||move|,183
5,GameBoardTest,|test||set||player|,|test||move||move|,|test||move||move|,178
5,GameBoardTest,|test||set||move||x|,|test||move||move||move|,|test||move||move||move|,185
5,GameBoardTest,|test||set||move||y|,|test||move||move||move|,|test||move||move||move|,185
5,PlayerTest,|test||player||constructor|,|test||get|,|test||get|,630
5,PlayerTest,|test||set||type|,|test||type|,|test||type|,990
5,PlayerTest,|test||set||id|,|test||id|,|test||id||of|,992
84,PlayGame,main,main,|ai|,1530
84,PlayGame,|send||game||board||to||all||players|,validate,|alidat|,70
84,PlayGame,stop,stop,|to|,466
25,PlayGame,main,main,|ai|,1530
25,PlayGame,|send||game||board||to||all||players|,validate,|alidat|,70
25,PlayGame,stop,stop,|to|,466
87,PlayGame,main,main,|ai|,1530
87,PlayGame,|send||game||board||to||all||players|,validate,|alidat|,70
87,PlayGame,stop,stop,|to|,466
8,PlayGame,main,main,|ai|,1530
8,PlayGame,|send||game||board||to||all||players|,validate,|alidat|,70
8,PlayGame,stop,stop,|to|,466
34,PlayGame,main,main,|ai|,1530
34,PlayGame,|send||game||board||to||all||players|,validate,|alidat|,70
34,PlayGame,stop,stop,|to|,466
35,PlayGame,main,main,|ai|,1530
35,PlayGame,|send||game||board||to||all||players|,validate,|alidat|,70
35,PlayGame,stop,stop,|to|,466
23,Message,|is||move||validity|,|is||move|,|is||move|,0
23,Message,|set||move||validity|,|set||move|,|set||move|,1
23,Message,|get||code|,|get||code|,|get||code|,2
23,Message,|set||code|,|set||code|,|set||code|,3
23,Message,|get||message|,|get||message|,|get||message|,4
23,Message,|set||message|,|set||message|,|set||message|,5
23,GameBoard,|is||move||validity|,|is||move|,|is||move|,0
23,GameBoard,|set||move||validity|,|set||move|,|set||move|,1
23,GameBoard,|get||code|,|get||code|,|get||code|,2
23,GameBoard,|set||code|,|set||code|,|set||code|,3
23,GameBoard,|get||message|,|get||message|,|get||message|,4
23,GameBoard,|set||message|,|set||message|,|set||message|,5
23,Move,|get||player|,get,|e|,1047
23,Move,|set||player|,set,|e|,1047
23,Move,|get||move||x|,|get||move||x|,|get||move||x|,920
23,Move,|set||move||x|,|set||move|,|set||move|,1
23,Move,|get||move||y|,|get||move||move|,|get||move||move|,25
23,Move,|set||move||y|,|set||move||y|,|set||move||y|,26
23,Player,|get||type|,|get||type|,|get||type|,28
23,Player,|set||type|,|set||type|,|set||type|,27
23,Player,|get||id|,|get||id|,|get||id|,30
23,Player,|set||id|,|set||id|,|set||id|,29
23,PlayGame,|get||type|,|get||type|,|get||type|,28
23,PlayGame,|set||type|,|set||type|,|set||type|,27
23,PlayGame,|get||id|,|get||id|,|get||id|,30
23,PlayGame,|set||id|,|set||id|,|set||id|,29
23,GameBoardTest,|get||type|,|get||type|,|get||type|,28
23,GameBoardTest,|set||type|,|set||type|,|set||type|,27
23,GameBoardTest,|get||id|,|get||id|,|get||id|,30
23,GameBoardTest,|set||id|,|set||id|,|set||id|,29
23,ApiTest,|get||type|,|get||type|,|get||type|,28
23,ApiTest,|set||type|,|set||type|,|set||type|,27
23,ApiTest,|get||id|,|get||id|,|get||id|,30
23,ApiTest,|set||id|,|set||id|,|set||id|,29
72,PlayGame,main,main,|ai|,1530
72,PlayGame,|send||game||board||to||all||players|,validate,|alidat|,70
72,PlayGame,stop,stop,|to|,466
33,PlayGame,main,main,|ai|,1530
33,PlayGame,|send||game||board||to||all||players|,validate,|alidat|,70
33,PlayGame,stop,stop,|to|,466
99,Message,|is||move||validity|,|is||move|,|is||move|,0
99,Message,|set||move||validity|,|set||move|,|set||move|,1
99,Message,|get||code|,|get||code|,|get||code|,2
99,Message,|set||code|,|set||code|,|set||code|,3
99,Message,|get||message|,|get||message|,|get||message|,4
99,Message,|set||message|,|set||message|,|set||message|,5
99,GameBoard,|get||p|,|get||p|,|get||p|,6
99,GameBoard,|set||p|,|set||p|,|set||p|,7
99,GameBoard,|get||p|,|get||p|,|get||p|,6
99,GameBoard,|set||p|,|set||p|,|set||p|,7
99,GameBoard,|is||game||started|,|is||started|,|is||started|,10
99,GameBoard,|set||game||started|,|set||started||started|,|set||started||started|,11
99,GameBoard,|get||turn|,|get||int|,|get||int|,12
99,GameBoard,|set||turn|,set,|e|,1047
99,GameBoard,|get||board||state|,|get||state|,|get||state|,1503
99,GameBoard,|set||board||state|,|set||state|,|set||state|,15
99,GameBoard,|get||winner|,get,|e|,1047
99,GameBoard,|set||winner|,|set||students|,|set||students|,18
99,GameBoard,|is||draw|,|is||draw|,|is||draw|,19
99,GameBoard,|set||draw|,|set||draw|,|set||draw|,20
99,Move,|get||player|,get,|e|,1047
99,Move,|set||player|,set,|e|,1047
99,Move,|get||move||x|,|get||move||x|,|get||move||x|,920
99,Move,|set||move||x|,|set||move|,|set||move|,1
99,Move,|get||move||y|,|get||move||move|,|get||move||move|,25
99,Move,|set||move||y|,|set||move||y|,|set||move||y|,26
99,Player,|get||type|,|get||type|,|get||type|,28
99,Player,|set||type|,|set||type|,|set||type|,27
99,Player,|get||id|,|get||id|,|get||id|,30
99,Player,|set||id|,|set||id|,|set||id|,29
99,DataBase,|get||type|,|get||type|,|get||type|,28
99,DataBase,|set||type|,|set||type|,|set||type|,27
99,DataBase,|get||id|,|get||id|,|get||id|,30
99,DataBase,|set||id|,|set||id|,|set||id|,29
99,PlayGame,|get||type|,|get||type|,|get||type|,28
99,PlayGame,|set||type|,|set||type|,|set||type|,27
99,PlayGame,|get||id|,|get||id|,|get||id|,30
99,PlayGame,|set||id|,|set||id|,|set||id|,29
99,RobustTest,|get||type|,|get||type|,|get||type|,28
99,RobustTest,|set||type|,|set||type|,|set||type|,27
99,RobustTest,|get||id|,|get||id|,|get||id|,30
99,RobustTest,|set||id|,|set||id|,|set||id|,29
99,GameTest,|get||type|,|get||type|,|get||type|,28
99,GameTest,|set||type|,|set||type|,|set||type|,27
99,GameTest,|get||id|,|get||id|,|get||id|,30
99,GameTest,|set||id|,|set||id|,|set||id|,29
99,MethodTest,|get||type|,|get||type|,|get||type|,28
99,MethodTest,|set||type|,|set||type|,|set||type|,27
99,MethodTest,|get||id|,|get||id|,|get||id|,30
99,MethodTest,|set||id|,|set||id|,|set||id|,29
99,DataBaseTest,|get||type|,|get||type|,|get||type|,28
99,DataBaseTest,|set||type|,|set||type|,|set||type|,27
99,DataBaseTest,|get||id|,|get||id|,|get||id|,30
99,DataBaseTest,|set||id|,|set||id|,|set||id|,29
48,PlayGame,main,main,|ai|,1530
48,PlayGame,|send||game||board||to||all||players|,validate,|alidat|,70
48,PlayGame,stop,stop,|to|,466
96,PlayGame,main,main,|ai|,1530
96,PlayGame,|send||game||board||to||all||players|,validate,|alidat|,70
96,PlayGame,stop,stop,|to|,466
38,Message,|set||move||validity|,|set||move|,|set||move|,1
38,Message,|set||code|,|set||code|,|set||code|,3
38,Message,|set||message|,|set||message|,|set||message|,5
38,Message,|get||move||validity|,|is||move|,|is||move|,0
38,Message,|get||code|,|get||code|,|get||code|,2
38,Message,|get||message|,|get||message|,|get||message|,4
38,GameBoard,|set||p|,|set||p|,|set||p|,7
38,GameBoard,|set||p|,|set||p|,|set||p|,7
38,GameBoard,|set||game||started|,|set||started||started|,|set||started||started|,11
38,GameBoard,|set||turn|,set,|e|,1047
38,GameBoard,|set||board||state|,|set||state|,|set||state|,15
38,GameBoard,|set||winner|,|set||students|,|set||students|,18
38,GameBoard,|set||is||draw|,|set||draw|,|set||draw|,20
38,GameBoard,|get||p|,|get||p|,|get||p|,6
38,GameBoard,|get||p|,|get||p|,|get||p|,6
38,GameBoard,|get||player|,|get||id|,|get||id|,30
38,GameBoard,|get||game||started|,|is||started|,|is||started|,10
38,GameBoard,|get||turn|,|get||int|,|get||int|,12
38,GameBoard,|get||board||state|,|get||state|,|get||state|,1503
38,GameBoard,|get||winner|,get,|e|,1047
38,GameBoard,|get||is||draw|,|is||draw|,|is||draw|,19
38,GameBoard,|initialize||board||state|,reset,|on||connect|,698
38,GameBoard,|check||move||validity|,|move||move|,|move||move|,917
38,GameBoard,|make||move|,is,|get||all|,440
38,Move,|set||player|,set,|e|,1047
38,Move,|set||move||x|,|set||move|,|set||move|,1
38,Move,|set||move||y|,|set||move||y|,|set||move||y|,26
38,Move,|get||player|,get,|e|,1047
38,Move,|get||move||x|,|get||move||x|,|get||move||x|,920
38,Move,|get||move||y|,|get||move||move|,|get||move||move|,25
38,Player,|set||type|,|set||type|,|set||type|,27
38,Player,|set||id|,|set||id|,|set||id|,29
38,Player,|get||type|,|get||type|,|get||type|,28
38,Player,|get||id|,|get||id|,|get||id|,30
38,PlayGame,|set||type|,|set||type|,|set||type|,27
38,PlayGame,|set||id|,|set||id|,|set||id|,29
38,PlayGame,|get||type|,|get||type|,|get||type|,28
38,PlayGame,|get||id|,|get||id|,|get||id|,30
67,PlayGame,main,main,|ai|,1530
67,PlayGame,|send||game||board||to||all||players|,validate,|alidat|,70
67,PlayGame,stop,stop,|to|,466
39,PlayGame,main,main,|ai|,1530
39,PlayGame,|send||game||board||to||all||players|,validate,|alidat|,70
39,PlayGame,stop,stop,|to|,466
89,Message,|is||move||validity|,|is||move|,|is||move|,0
89,Message,|set||move||validity|,|set||move|,|set||move|,1
89,Message,|get||code|,|get||code|,|get||code|,2
89,Message,|set||code|,|set||code|,|set||code|,3
89,Message,|get||message|,|get||message|,|get||message|,4
89,Message,|set||message|,|set||message|,|set||message|,5
89,GameBoard,|is||move||validity|,|is||move|,|is||move|,0
89,GameBoard,|set||move||validity|,|set||move|,|set||move|,1
89,GameBoard,|get||code|,|get||code|,|get||code|,2
89,GameBoard,|set||code|,|set||code|,|set||code|,3
89,GameBoard,|get||message|,|get||message|,|get||message|,4
89,GameBoard,|set||message|,|set||message|,|set||message|,5
89,Move,|get||player|,get,|e|,1047
89,Move,|set||player|,set,|e|,1047
89,Move,|get||move||x|,|get||move||x|,|get||move||x|,920
89,Move,|set||move||x|,|set||move|,|set||move|,1
89,Move,|get||move||y|,|get||move||move|,|get||move||move|,25
89,Move,|set||move||y|,|set||move||y|,|set||move||y|,26
89,Player,|get||type|,|get||type|,|get||type|,28
89,Player,|set||type|,|set||type|,|set||type|,27
89,Player,|get||id|,|get||id|,|get||id|,30
89,Player,|set||id|,|set||id|,|set||id|,29
89,PlayGame,|get||type|,|get||type|,|get||type|,28
89,PlayGame,|set||type|,|set||type|,|set||type|,27
89,PlayGame,|get||id|,|get||id|,|get||id|,30
89,PlayGame,|set||id|,|set||id|,|set||id|,29
89,GameTest,|get||type|,|get||type|,|get||type|,28
89,GameTest,|set||type|,|set||type|,|set||type|,27
89,GameTest,|get||id|,|get||id|,|get||id|,30
89,GameTest,|set||id|,|set||id|,|set||id|,29
89,GameboardTest,|get||type|,|get||type|,|get||type|,28
89,GameboardTest,|set||type|,|set||type|,|set||type|,27
89,GameboardTest,|get||id|,|get||id|,|get||id|,30
89,GameboardTest,|set||id|,|set||id|,|set||id|,29
41,Message,|is||move||validity|,|is||move|,|is||move|,0
41,Message,|set||move||validity|,|set||move|,|set||move|,1
41,Message,|get||code|,|get||code|,|get||code|,2
41,Message,|set||code|,|set||code|,|set||code|,3
41,Message,|get||message|,|get||message|,|get||message|,4
41,Message,|set||message|,|set||message|,|set||message|,5
41,GameBoard,|get||p|,|get||p|,|get||p|,6
41,GameBoard,|set||p|,|set||p|,|set||p|,7
41,GameBoard,|get||p|,|get||p|,|get||p|,6
41,GameBoard,|set||p|,|set||p|,|set||p|,7
41,GameBoard,|is||game||started|,|is||started|,|is||started|,10
41,GameBoard,|set||game||started|,|set||started||started|,|set||started||started|,11
41,GameBoard,|get||turn|,|get||int|,|get||int|,12
41,GameBoard,|set||turn|,set,|e|,1047
41,GameBoard,|get||board||state|,|get||state|,|get||state|,1503
41,GameBoard,|set||board||state|,|set||state|,|set||state|,15
41,GameBoard,|get||winner|,get,|e|,1047
41,GameBoard,|set||winner|,|set||students|,|set||students|,18
41,GameBoard,|is||draw|,|is||draw|,|is||draw|,19
41,GameBoard,|set||draw|,|set||draw|,|set||draw|,20
41,Move,|get||player|,get,|e|,1047
41,Move,|set||player|,set,|e|,1047
41,Move,|get||move||x|,|get||move||x|,|get||move||x|,920
41,Move,|set||move||x|,|set||move|,|set||move|,1
41,Move,|get||move||y|,|get||move||move|,|get||move||move|,25
41,Move,|set||move||y|,|set||move||y|,|set||move||y|,26
41,Player,|get||type|,|get||type|,|get||type|,28
41,Player,|set||type|,|set||type|,|set||type|,27
41,Player,|get||id|,|get||id|,|get||id|,30
41,Player,|set||id|,|set||id|,|set||id|,29
41,PlayGame,main,main,|ai|,1530
41,PlayGame,|send||game||board||to||all||players|,validate,|alidat|,70
41,PlayGame,stop,stop,|to|,466
4,PlayGame,main,main,|ai|,1530
4,PlayGame,|send||game||board||to||all||players|,validate,|alidat|,70
4,PlayGame,stop,stop,|to|,466
16,Message,|is||move||validity|,|is||move|,|is||move|,0
16,Message,|set||move||validity|,|set||move|,|set||move|,1
16,Message,|get||code|,|get||code|,|get||code|,2
16,Message,|set||code|,|set||code|,|set||code|,3
16,Message,|get||message|,|get||message|,|get||message|,4
16,Message,|set||message|,|set||message|,|set||message|,5
16,GameBoard,|get||p|,|get||p|,|get||p|,6
16,GameBoard,|set||p|,|set||p|,|set||p|,7
16,GameBoard,|get||p|,|get||p|,|get||p|,6
16,GameBoard,|set||p|,|set||p|,|set||p|,7
16,GameBoard,|is||game||started|,|is||started|,|is||started|,10
16,GameBoard,|set||game||started|,|set||started||started|,|set||started||started|,11
16,GameBoard,|get||turn|,|get||int|,|get||int|,12
16,GameBoard,|set||turn|,set,|e|,1047
16,GameBoard,|get||board||state|,|get||all|,|get||context|,533
16,GameBoard,|set||board||state|,|set||state|,|set||state|,15
16,GameBoard,|get||winner|,get,|e|,1047
16,GameBoard,|set||winner|,|set||students|,|set||students|,18
16,GameBoard,|is||draw|,|is||draw|,|is||draw|,19
16,GameBoard,|set||draw|,|set||draw|,|set||draw|,20
16,Move,|get||player|,get,|e|,1047
16,Move,|set||player|,set,|e|,1047
16,Move,|get||move||x|,|get||move||x|,|get||move||x|,920
16,Move,|set||move||x|,|set||move|,|set||move|,1
16,Move,|get||move||y|,|get||move||move|,|get||move||move|,25
16,Move,|set||move||y|,|set||move||y|,|set||move||y|,26
16,Player,|get||type|,|get||type|,|get||type|,28
16,Player,|set||type|,|set||type|,|set||type|,27
16,Player,|get||id|,|get||id|,|get||id|,30
16,Player,|set||id|,|set||id|,|set||id|,29
16,GameTest,|get||type|,|get||type|,|get||type|,28
16,GameTest,|set||type|,|set||type|,|set||type|,27
16,GameTest,|get||id|,|get||id|,|get||id|,30
16,GameTest,|set||id|,|set||id|,|set||id|,29
16,PlayGame,|get||type|,|get||type|,|get||type|,28
16,PlayGame,|set||type|,|set||type|,|set||type|,27
16,PlayGame,|get||id|,|get||id|,|get||id|,30
16,PlayGame,|set||id|,|set||id|,|set||id|,29
36,PlayGame,main,main,|ai|,1530
36,PlayGame,|send||game||board||to||all||players|,validate,|alidat|,70
36,PlayGame,stop,stop,|to|,594
95,Message,|valid||setter|,|set||up|,|set||up|,1155
95,Message,|invalid||setter|,|test||move||move|,|test||move||move|,178
95,Message,|getmove||validity|,|is||move|,|is||move|,0
95,Message,getcode,|get||code|,|get||code|,2
95,Message,getmessage,|get||message|,|get||message|,4
95,GameBoard,|check||winner|,|is||cell||editable|,|is||cell||editable|,476
95,GameBoard,|check||draw|,|is||empty|,|is||empty|,566
95,GameBoard,startgame,set,|e|,1047
95,GameBoard,joingame,init,|get||current||position||string|,692
95,GameBoard,setter,|is||cell||editable|,|is||cell||editable|,472
95,GameBoard,|get||game||started|,|is||started|,|is||started|,10
95,GameBoard,|get||winner|,get,|e|,1047
95,GameBoard,|get||is||draw|,|is||draw|,|is||draw|,19
95,GameBoard,|get||p|,|get||p|,|get||p|,6
95,GameBoard,|get||p|,|get||p|,|get||p|,6
95,GameBoard,|get||turn|,|get||int|,|get||int|,12
95,Move,getplayer,get,|e|,1047
95,Move,|getmove||x|,|get||move||x|,|get||move||x|,920
95,Move,|getmove||y|,|get||move||move|,|get||move||move|,25
95,Player,startgame,|set||type|,|set||type|,27
95,Player,joingame,|set||type|,|set||type|,27
95,Player,|get||type|,|get||type|,|get||type|,28
95,Player,|get||id|,|get||id|,|get||id|,30
95,DatabaseJdbc,startgame,|set||type|,|set||type|,27
95,DatabaseJdbc,joingame,|set||type|,|set||type|,27
95,DatabaseJdbc,|get||type|,|get||type|,|get||type|,28
95,DatabaseJdbc,|get||id|,|get||id|,|get||id|,30
95,PlayGame,startgame,|set||type|,|set||type|,27
95,PlayGame,joingame,|set||type|,|set||type|,27
95,PlayGame,|get||type|,|get||type|,|get||type|,28
95,PlayGame,|get||id|,|get||id|,|get||id|,30
95,GameTest,startgame,|set||type|,|set||type|,27
95,GameTest,joingame,|set||type|,|set||type|,27
95,GameTest,|get||type|,|get||type|,|get||type|,28
95,GameTest,|get||id|,|get||id|,|get||id|,30
95,DatabaseTest,startgame,|set||type|,|set||type|,27
95,DatabaseTest,joingame,|set||type|,|set||type|,27
95,DatabaseTest,|get||type|,|get||type|,|get||type|,28
95,DatabaseTest,|get||id|,|get||id|,|get||id|,30
95,UnitTest,startgame,|set||type|,|set||type|,27
95,UnitTest,joingame,|set||type|,|set||type|,27
95,UnitTest,|get||type|,|get||type|,|get||type|,28
95,UnitTest,|get||id|,|get||id|,|get||id|,30
14,PlayGame,main,main,|ai|,1530
14,PlayGame,|send||game||board||to||all||players|,validate,|alidat|,70
14,PlayGame,stop,stop,|to|,466
57,GameBoard,|set||player|,|set||p|,|set||p|,7
57,GameBoard,|get||player|,|get||p|,|get||p|,6
57,GameBoard,|set||player|,|set||p|,|set||p|,7
57,GameBoard,|get||player|,|get||p|,|get||p|,6
57,GameBoard,|set||game||started|,|set||started||started|,|set||started||started|,11
57,GameBoard,|get||game||started|,|is||started|,|is||started|,10
57,GameBoard,|set||turn|,set,|e|,1047
57,GameBoard,|get||turn|,get,|e|,1047
57,GameBoard,|set||board||state|,|set||state|,|set||state|,15
57,GameBoard,|get||board||state|,|get||state|,|get||state|,1503
57,GameBoard,|set||winner|,|set||students|,|set||students|,18
57,GameBoard,|get||winner|,get,|e|,1047
57,GameBoard,|set||is||draw|,|set||draw|,|set||draw|,20
57,GameBoard,|get||is||draw|,|is||draw|,|is||draw|,19
57,GameBoard,|is||full|,|is||oneway|,|is||in|,1039
57,GameBoard,|set||move||count|,|set||count|,|set||state|,15
57,GameBoard,|get||move||count|,|get||move||count|,|get||move|,125
57,TicTacToeService,|get||game||board|,get,|e|,1047
57,TicTacToeService,|start||game|,visit,|to||json||string|,144
57,TicTacToeService,|join||game|,create,|to||json||string|,144
57,TicTacToeService,move,|get||context|,|get||all|,440
57,PlayGame,main,main,|ai|,1530
57,PlayGame,|send||game||board||to||all||players|,validate,|alidat|,70
57,PlayGame,stop,stop,|to|,466
56,PlayGame,main,main,|ai|,1530
56,PlayGame,|send||game||board||to||all||players|,validate,|alidat|,70
56,PlayGame,stop,stop,|to|,466
88,PlayGame,main,main,|ai|,1530
88,PlayGame,|send||game||board||to||all||players|,validate,|alidat|,70
88,PlayGame,stop,stop,|to|,466
66,Message,|is||move||validity|,|is||move|,|is||move|,0
66,Message,|set||move||validity|,|set||move|,|set||move|,1
66,Message,|get||code|,|get||code|,|get||code|,2
66,Message,|set||code|,|set||code|,|set||code|,3
66,Message,|get||message|,|get||message|,|get||message|,4
66,Message,|set||message|,|set||message|,|set||message|,5
66,GameBoard,|get||p|,|get||p|,|get||p|,6
66,GameBoard,|set||p|,|set||p|,|set||p|,7
66,GameBoard,|get||p|,|get||p|,|get||p|,6
66,GameBoard,|set||p|,|set||p|,|set||p|,7
66,GameBoard,|is||game||started|,|is||started|,|is||started|,10
66,GameBoard,|set||game||started|,|set||started||started|,|set||started||started|,11
66,GameBoard,|get||turn|,|get||int|,|get||int|,12
66,GameBoard,|set||turn|,set,|e|,1047
66,GameBoard,|get||board||state|,|get||state|,|get||state|,1503
66,GameBoard,|set||board||state|,|set||state|,|set||state|,15
66,GameBoard,|get||winner|,get,|e|,1047
66,GameBoard,|set||winner|,|set||students|,|set||students|,18
66,GameBoard,|is||draw|,|is||draw|,|is||draw|,19
66,GameBoard,|set||draw|,|set||draw|,|set||draw|,20
66,GameBoard,|is||valid|,|is||visible|,|is||in|,1039
66,GameBoard,|message||invalid|,|set||current||query|,|set||type|,1659
66,GameBoard,|check||win|,foo,|o|,122
66,GameBoard,|check||draw|,|is||empty|,|is||empty|,473
66,Move,|get||player|,get,|e|,1047
66,Move,|set||player|,set,|e|,1047
66,Move,|get||move||x|,|get||move||x|,|get||move||x|,920
66,Move,|set||move||x|,|set||move|,|set||move|,1
66,Move,|get||move||y|,|get||move||move|,|get||move||move|,25
66,Move,|set||move||y|,|set||move||y|,|set||move||y|,26
66,Player,|get||type|,|get||type|,|get||type|,28
66,Player,|set||type|,|set||type|,|set||type|,27
66,Player,|get||id|,|get||id|,|get||id|,30
66,Player,|set||id|,|set||id|,|set||id|,29
66,PlayGame,|get||type|,|get||type|,|get||type|,28
66,PlayGame,|set||type|,|set||type|,|set||type|,27
66,PlayGame,|get||id|,|get||id|,|get||id|,30
66,PlayGame,|set||id|,|set||id|,|set||id|,29
66,UnitTest,|get||type|,|get||type|,|get||type|,28
66,UnitTest,|set||type|,|set||type|,|set||type|,27
66,UnitTest,|get||id|,|get||id|,|get||id|,30
66,UnitTest,|set||id|,|set||id|,|set||id|,29
66,ApiTest,|get||type|,|get||type|,|get||type|,28
66,ApiTest,|set||type|,|set||type|,|set||type|,27
66,ApiTest,|get||id|,|get||id|,|get||id|,30
66,ApiTest,|set||id|,|set||id|,|set||id|,29
26,PlayGame,main,main,|ai|,1530
26,PlayGame,|send||game||board||to||all||players|,validate,|alidat|,70
26,PlayGame,stop,stop,|to|,466
6,PlayGame,main,main,|ai|,1530
6,PlayGame,|send||game||board||to||all||players|,validate,|alidat|,70
6,PlayGame,stop,stop,|to|,466
54,Message,|is||move||validity|,|is||move|,|is||move|,0
54,Message,|set||move||validity|,|set||move|,|set||move|,1
54,Message,|get||code|,|get||code|,|get||code|,2
54,Message,|set||code|,|set||code|,|set||code|,3
54,Message,|get||message|,|get||message|,|get||message|,4
54,Message,|set||message|,|set||message|,|set||message|,5
54,GameBoard,|is||move||validity|,|is||move|,|is||move|,0
54,GameBoard,|set||move||validity|,|set||move|,|set||move|,1
54,GameBoard,|get||code|,|get||code|,|get||code|,2
54,GameBoard,|set||code|,|set||code|,|set||code|,3
54,GameBoard,|get||message|,|get||message|,|get||message|,4
54,GameBoard,|set||message|,|set||message|,|set||message|,5
54,Persister,restore,|get||content|,|get||map|,1397
54,Persister,save,execute,|test||id||of|,992
54,Player,|get||type|,|get||type|,|get||type|,28
54,Player,|set||type|,|set||type|,|set||type|,27
54,Player,|get||id|,|get||id|,|get||id|,30
54,Player,|set||id|,|set||id|,|set||id|,29
54,PlayGame,|get||type|,|get||type|,|get||type|,28
54,PlayGame,|set||type|,|set||type|,|set||type|,27
54,PlayGame,|get||id|,|get||id|,|get||id|,30
54,PlayGame,|set||id|,|set||id|,|set||id|,29
54,GameBoardTest,|get||type|,|get||type|,|get||type|,28
54,GameBoardTest,|set||type|,|set||type|,|set||type|,27
54,GameBoardTest,|get||id|,|get||id|,|get||id|,30
54,GameBoardTest,|set||id|,|set||id|,|set||id|,29
54,PersisterTest,init,before,|set||input||type|,1196
54,PersisterTest,|init||test|,|test||fail|,|test||fail|,625
54,PersisterTest,|fresh||test|,|test||restore|,|test||delete||table|,773
54,PersisterTest,|save||test|,|test||save|,|test||create||table|,767
54,PersisterTest,|reinit||test|,|test||fail|,|test||fail|,622
54,PersisterTest,|restore||test|,test,|es|,133
54,PlayGameTest,init,setup,|etu|,1156
54,PlayGameTest,|persister||consistent||test|,|test||to||json||to||json|,|test||to||json|,182
54,PlayGameTest,|start||game||test||invalid||no||game|,|test||post||post|,|test||post||post||timeout|,633
54,PlayGameTest,|join||game||test||invalid||no||game|,|test||get|,|test||get|,191
54,PlayGameTest,|move||test||invalid||no||game|,|test||move|,|test||move|,183
54,PlayGameTest,|new||game||test|,|test||get|,|test||get|,191
54,PlayGameTest,|start||game||test||invalid||type||too||long|,|test||post||post||timeout|,|test||post||post||timeout|,634
54,PlayGameTest,|start||game||test||invalid||type||illegal||char|,|test||post||post||timeout|,|test||post||post||timeout|,633
54,PlayGameTest,|join||game||test||invalid||no||player|,|test||get|,|test||get|,191
54,PlayGameTest,|start||game||test||valid|,|test||from||json|,|test||from||json|,640
54,PlayGameTest,|join||game||test||valid|,|test||get|,|test||get|,191
54,PlayGameTest,|join||game||test||invalid||duplicate|,|test||get|,|test||get|,191
54,PlayGameTest,|move||test||invalid||bad||params|,|test||move|,|test||move|,183
54,PlayGameTest,|move||test||valid|,|test||from||json|,|test||from||json|,636
54,PlayGameTest,close,|tear||down|,|tear||down|,775
63,PlayGame,main,main,|ai|,1530
63,PlayGame,|send||game||board||to||all||players|,validate,|alidat|,70
63,PlayGame,stop,stop,|to|,466
83,PlayGame,main,main,|ai|,1530
83,PlayGame,|send||game||board||to||all||players|,validate,|alidat|,70
83,PlayGame,stop,stop,|to|,466
60,Message,|get||move||validity|,move,|ov|,651
60,Message,|get||code|,|get||code|,|get||code|,2
60,Message,|get||message|,|get||message|,|get||message|,4
60,Message,|set||move||validity|,move,|ov|,648
60,Message,|set||code|,|set||code|,|set||code|,3
60,Message,|set||message|,|set||message|,|set||message|,5
60,GameBoard,|get||move||validity|,move,|ov|,648
60,GameBoard,|get||code|,|get||code|,|get||code|,2
60,GameBoard,|get||message|,|get||message|,|get||message|,4
60,GameBoard,|set||move||validity|,move,|ov|,648
60,GameBoard,|set||code|,|set||code|,|set||code|,3
60,GameBoard,|set||message|,|set||message|,|set||message|,5
60,Move,|get||player|,get,|e|,1047
60,Move,|get||mx|,|get||move|,|get||move|,125
60,Move,|get||my|,|get||move||move|,|get||move||move|,25
60,Move,|set||player|,set,|e|,1047
60,Move,|set||mx|,move,|ov|,648
60,Move,|set||my|,move,|ov|,648
60,Player,|get||type|,|get||type|,|get||type|,28
60,Player,|get||id|,|get||id|,|get||id|,30
60,Player,|set||type|,|set||type|,|set||type|,27
60,Player,|set||id|,|set||id|,|set||id|,29
60,PlayGame,|get||type|,|get||type|,|get||type|,28
60,PlayGame,|get||id|,|get||id|,|get||id|,30
60,PlayGame,|set||type|,|set||type|,|set||type|,27
60,PlayGame,|set||id|,|set||id|,|set||id|,29
60,PlayGameTest,|get||type|,|get||type|,|get||type|,28
60,PlayGameTest,|get||id|,|get||id|,|get||id|,30
60,PlayGameTest,|set||type|,|set||type|,|set||type|,27
60,PlayGameTest,|set||id|,|set||id|,|set||id|,29
60,GameBoardTest,|get||type|,|get||type|,|get||type|,28
60,GameBoardTest,|get||id|,|get||id|,|get||id|,30
60,GameBoardTest,|set||type|,|set||type|,|set||type|,27
60,GameBoardTest,|set||id|,|set||id|,|set||id|,29
13,Message,|is||valid|,|is||move|,|is||move|,0
13,GameBoard,|is||valid|,|is||move|,|is||move|,0
13,Move,|get||player|,get,|e|,1047
13,Move,|get||x|,|get||move||x|,|get||move||x|,920
13,Move,|get||y|,|get||move||move|,|get||move||move|,25
13,Player,|get||type|,|get||type|,|get||type|,28
13,Player,|get||id|,|get||id|,|get||id|,30
13,AlreadyOccupiedExcpetion,code,|get||weight|,|get||weight|,691
13,AlreadyOccupiedExcpetion,cause,|get||help||name|,|get||name|,694
13,InvalidPositionException,code,|get||weight|,|get||weight|,689
13,InvalidPositionException,cause,|get||current||position||string|,|get||json||string|,907
13,NotYourTurnException,code,|get||weight|,|get||weight|,689
13,NotYourTurnException,cause,|get||name|,|get||help||name|,690
13,BoardReceiver,|get||board|,get,|e|,1047
13,BoardReceiver,await,wait,|ai|,1530
13,BoardReceiver,stop,stop,|to|,466
13,BoardReceiver,|on||connect|,|on||connect|,|on||connect|,703
13,BoardReceiver,|on||message|,|on||failure|,|on||failure|,704
13,GameTest,|get||board|,get,|e|,1047
13,GameTest,await,wait,|ai|,1530
13,GameTest,stop,stop,|to|,466
13,GameTest,|on||connect|,|on||connect|,|on||connect|,698
13,GameTest,|on||message|,|on||failure|,|on||failure|,699
94,Message,|get||valid|,move,|ov|,648
94,Message,|get||code|,|get||code|,|get||code|,2
94,Message,|get||msg|,|get||message|,|get||message|,4
94,GameBoard,|get||valid|,move,|ov|,648
94,GameBoard,|get||code|,|get||code|,|get||code|,2
94,GameBoard,|get||msg|,|get||message|,|get||message|,4
94,Move,|get||x|,|get||move|,|get||move|,125
94,Move,|get||y|,|get||move||move|,|get||move||move|,25
94,Move,|get||player|,get,|e|,1047
94,Player,|get||type|,|get||type|,|get||type|,28
94,Player,|get||id|,|get||id|,|get||id|,30
94,DatabaseLite,|get||type|,|get||type|,|get||type|,28
94,DatabaseLite,|get||id|,|get||id|,|get||id|,30
94,PlayGame,|get||type|,|get||type|,|get||type|,28
94,PlayGame,|get||id|,|get||id|,|get||id|,30
94,GameBoardTest,|get||type|,|get||type|,|get||type|,28
94,GameBoardTest,|get||id|,|get||id|,|get||id|,30
94,PlayGameTest,|get||type|,|get||type|,|get||type|,28
94,PlayGameTest,|get||id|,|get||id|,|get||id|,30
30,Message,|set||move||validity|,|set||move|,|set||move|,1
30,Message,|is||move||validity|,|is||move|,|is||move|,0
30,Message,|set||code|,|set||code|,|set||code|,3
30,Message,|get||code|,|get||code|,|get||code|,2
30,Message,|set||message|,|set||message|,|set||message|,5
30,Message,|get||message|,|get||message|,|get||message|,4
30,Message,|to||json|,|get||value|,|get||value|,117
30,GameBoard,|set||move||validity|,|set||move|,|set||move|,1
30,GameBoard,|is||move||validity|,|is||move|,|is||move|,0
30,GameBoard,|set||code|,|set||code|,|set||code|,3
30,GameBoard,|get||code|,|get||code|,|get||code|,2
30,GameBoard,|set||message|,|set||message|,|set||message|,5
30,GameBoard,|get||message|,|get||message|,|get||message|,4
30,GameBoard,|to||json|,|get||value|,|get||value|,117
30,Move,|set||player|,set,|e|,1047
30,Move,|get||player|,get,|e|,1047
30,Move,|set||move||x|,|set||move|,|set||move|,1
30,Move,|set||move||y|,|set||move||y|,|set||move||y|,26
30,Move,|get||move||x|,|get||move||x|,|get||move||x|,920
30,Move,|get||move||y|,|get||move||move|,|get||move||move|,25
30,Player,|set||id|,|set||id|,|set||id|,29
30,Player,|get||id|,|get||id|,|get||id|,30
30,Player,|set||type|,|set||type|,|set||type|,27
30,Player,|get||type|,|get||type|,|get||type|,28
30,Player,oppent,|get||type|,|get||type|,28
30,Database,|set||id|,|set||id|,|set||id|,29
30,Database,|get||id|,|get||id|,|get||id|,30
30,Database,|set||type|,|set||type|,|set||type|,27
30,Database,|get||type|,|get||type|,|get||type|,28
30,Database,oppent,|get||type|,|get||type|,28
30,PlayGame,|set||id|,|set||id|,|set||id|,29
30,PlayGame,|get||id|,|get||id|,|get||id|,30
30,PlayGame,|set||type|,|set||type|,|set||type|,27
30,PlayGame,|get||type|,|get||type|,|get||type|,28
30,PlayGame,oppent,|get||type|,|get||type|,28
30,MessageTest,|message||test|,|test||move|,|test||move|,183
30,MessageTest,|to||json||test|,|test||message||message|,|test||message||message|,181
30,MoveTest,|move||test|,|test||move||move|,|test||move||move|,178
30,GameBoardTest,|move||test|,|test||move||move|,|test||move||move|,178
30,PlayerTest,|player||test|,|test||get|,|test||get|,191
30,PlayerTest,|oppent||test|,test,|es|,133
30,PlayerTest,|oppent||test|,test,|es|,133
30,PlayerTest,|invalid||type||error|,|test||error|,|test||error|,852
30,DatabaseTest,init,|test||create||table|,|test||create||table|,776
30,DatabaseTest,|add||player||test|,|test||add||add|,|test||add||add|,777
30,DatabaseTest,|add||move||test|,|test||add||add||move||move|,|test||add||add||move||move|,778
30,DatabaseTest,|load||player||test|,|test||add||and||add|,|test||add||and||add|,779
30,DatabaseTest,|load||player||test|,|test||load|,|test||load|,780
30,DatabaseTest,|load||board||state||test|,|test||add||move|,|test||add||move|,781
30,DatabaseTest,|delete||table||test|,|test||delete||table|,|test||delete||table|,782
30,DatabaseTest,|delete||table||test|,|test||update||table|,|test||update||table|,783
30,DatabaseTest,stop,|tear||down|,|tear||down|,641
30,GameTest,init,|test||create||table|,|test||create||table|,767
30,GameTest,|add||player||test|,|test||add||add|,|test||add||add|,768
30,GameTest,|add||move||test|,|test||add||add||move||move|,|test||add||add||move||move|,769
30,GameTest,|load||player||test|,|test||add||and||add|,|test||add||and||add|,770
30,GameTest,|load||player||test|,|test||load|,|test||load|,771
30,GameTest,|load||board||state||test|,|test||add||move|,|test||add||move|,772
30,GameTest,|delete||table||test|,|test||delete||table|,|test||delete||table|,773
30,GameTest,|delete||table||test|,|test||update||table|,|test||update||table|,774
30,GameTest,stop,|tear||down|,|tear||down|,641
30,Message,|set||move||validity|,|set||move|,|set||move|,1
30,Message,|is||move||validity|,|is||move|,|is||move|,0
30,Message,|set||code|,|set||code|,|set||code|,3
30,Message,|get||code|,|get||code|,|get||code|,2
30,Message,|set||message|,|set||message|,|set||message|,5
30,Message,|get||message|,|get||message|,|get||message|,4
30,Message,|to||json|,|get||value|,|get||value|,117
30,GameBoard,|set||move||validity|,|set||move|,|set||move|,1
30,GameBoard,|is||move||validity|,|is||move|,|is||move|,0
30,GameBoard,|set||code|,|set||code|,|set||code|,3
30,GameBoard,|get||code|,|get||code|,|get||code|,2
30,GameBoard,|set||message|,|set||message|,|set||message|,5
30,GameBoard,|get||message|,|get||message|,|get||message|,4
30,GameBoard,|to||json|,|get||value|,|get||value|,117
30,Move,|set||player|,set,|e|,1047
30,Move,|get||player|,get,|e|,1047
30,Move,|set||move||x|,|set||move|,|set||move|,1
30,Move,|set||move||y|,|set||move||y|,|set||move||y|,26
30,Move,|get||move||x|,|get||move||x|,|get||move||x|,920
30,Move,|get||move||y|,|get||move||move|,|get||move||move|,25
30,Player,|set||id|,|set||id|,|set||id|,29
30,Player,|get||id|,|get||id|,|get||id|,30
30,Player,|set||type|,|set||type|,|set||type|,27
30,Player,|get||type|,|get||type|,|get||type|,28
30,Player,oppent,|get||type|,|get||type|,28
30,PlayGame,|set||id|,|set||id|,|set||id|,29
30,PlayGame,|get||id|,|get||id|,|get||id|,30
30,PlayGame,|set||type|,|set||type|,|set||type|,27
30,PlayGame,|get||type|,|get||type|,|get||type|,28
30,PlayGame,oppent,|get||type|,|get||type|,28
30,Message,|set||move||validity|,|set||move|,|set||move|,1
30,Message,|is||move||validity|,|is||move|,|is||move|,0
30,Message,|set||code|,|set||code|,|set||code|,3
30,Message,|get||code|,|get||code|,|get||code|,2
30,Message,|set||message|,|set||message|,|set||message|,5
30,Message,|get||message|,|get||message|,|get||message|,4
30,Message,|to||json|,|get||value|,|get||value|,117
30,GameBoard,|set||move||validity|,|set||move|,|set||move|,1
30,GameBoard,|is||move||validity|,|is||move|,|is||move|,0
30,GameBoard,|set||code|,|set||code|,|set||code|,3
30,GameBoard,|get||code|,|get||code|,|get||code|,2
30,GameBoard,|set||message|,|set||message|,|set||message|,5
30,GameBoard,|get||message|,|get||message|,|get||message|,4
30,GameBoard,|to||json|,|get||value|,|get||value|,117
30,Move,|set||player|,set,|e|,1047
30,Move,|get||player|,get,|e|,1047
30,Move,|set||move||x|,|set||move|,|set||move|,1
30,Move,|set||move||y|,|set||move||y|,|set||move||y|,26
30,Move,|get||move||x|,|get||move||x|,|get||move||x|,920
30,Move,|get||move||y|,|get||move||move|,|get||move||move|,25
30,Player,|set||id|,|set||id|,|set||id|,29
30,Player,|get||id|,|get||id|,|get||id|,30
30,Player,|set||type|,|set||type|,|set||type|,27
30,Player,|get||type|,|get||type|,|get||type|,28
30,Player,oppent,|get||type|,|get||type|,28
30,PlayGame,|set||id|,|set||id|,|set||id|,29
30,PlayGame,|get||id|,|get||id|,|get||id|,30
30,PlayGame,|set||type|,|set||type|,|set||type|,27
30,PlayGame,|get||type|,|get||type|,|get||type|,28
30,PlayGame,oppent,|get||type|,|get||type|,28
30,MessageTest,|message||test|,|test||move|,|test||move|,183
30,MessageTest,|to||json||test|,|test||message||message|,|test||message||message|,181
30,MoveTest,|move||test|,|test||move||move|,|test||move||move|,178
30,GameBoardTest,|move||test|,|test||move||move|,|test||move||move|,178
30,PlayerTest,|player||test|,|test||get|,|test||get|,191
30,PlayerTest,|oppent||test|,test,|es|,133
30,PlayerTest,|oppent||test|,test,|es|,133
30,PlayerTest,|invalid||type||error|,|test||error|,|test||error|,766
30,GameTest,|player||test|,|test||get|,|test||get|,191
30,GameTest,|oppent||test|,test,|es|,133
30,GameTest,|oppent||test|,test,|es|,133
30,GameTest,|invalid||type||error|,|test||error|,|test||error|,766
76,PlayGame,main,main,|ai|,1530
76,PlayGame,|send||game||board||to||all||players|,validate,|alidat|,70
76,PlayGame,stop,stop,|to|,466
105,PlayGame,main,main,|ai|,1530
105,PlayGame,|send||game||board||to||all||players|,validate,|alidat|,70
105,PlayGame,stop,stop,|to|,466
51,Message,|is||move||validity|,|is||move|,|is||move|,0
51,Message,|set||move||validity|,|set||move|,|set||move|,1
51,Message,|get||code|,|get||code|,|get||code|,2
51,Message,|set||code|,|set||code|,|set||code|,3
51,Message,|get||message|,|get||message|,|get||message|,4
51,Message,|set||message|,|set||message|,|set||message|,5
51,GameBoard,|get||p|,|get||p|,|get||p|,6
51,GameBoard,|set||p|,|set||p|,|set||p|,7
51,GameBoard,|get||p|,|get||p|,|get||p|,6
51,GameBoard,|set||p|,|set||p|,|set||p|,7
51,GameBoard,|is||game||started|,|is||started|,|is||started|,10
51,GameBoard,|set||game||started|,|set||started||started|,|set||started||started|,11
51,GameBoard,|get||turn|,|get||int|,|get||int|,12
51,GameBoard,|set||turn|,set,|e|,1047
51,GameBoard,|get||board||state|,|get||state|,|get||state|,1503
51,GameBoard,|set||board||state|,|set||state|,|set||state|,15
51,GameBoard,|get||winner|,get,|e|,1047
51,GameBoard,|set||winner|,|set||students|,|set||students|,18
51,GameBoard,|is||draw|,|is||draw|,|is||draw|,19
51,GameBoard,|set||draw|,|set||draw|,|set||draw|,20
51,Move,|get||player|,get,|e|,1047
51,Move,|set||player|,set,|e|,1047
51,Move,|get||move||x|,|get||move||x|,|get||move||x|,920
51,Move,|set||move||x|,|set||move|,|set||move|,1
51,Move,|get||move||y|,|get||move||move|,|get||move||move|,25
51,Move,|set||move||y|,|set||move||y|,|set||move||y|,26
51,Player,|get||type|,|get||type|,|get||type|,28
51,Player,|set||type|,|set||type|,|set||type|,27
51,Player,|get||id|,|get||id|,|get||id|,30
51,Player,|set||id|,|set||id|,|set||id|,29
51,PlayGame,|get||type|,|get||type|,|get||type|,28
51,PlayGame,|set||type|,|set||type|,|set||type|,27
51,PlayGame,|get||id|,|get||id|,|get||id|,30
51,PlayGame,|set||id|,|set||id|,|set||id|,29
51,GameTest,|get||type|,|get||type|,|get||type|,28
51,GameTest,|set||type|,|set||type|,|set||type|,27
51,GameTest,|get||id|,|get||id|,|get||id|,30
51,GameTest,|set||id|,|set||id|,|set||id|,29
101,PlayGame,main,main,|ai|,1530
101,PlayGame,|send||game||board||to||all||players|,validate,|alidat|,70
101,PlayGame,stop,stop,|to|,466
91,PlayGame,main,main,|ai|,1530
91,PlayGame,|send||game||board||to||all||players|,validate,|alidat|,70
91,PlayGame,stop,stop,|to|,466
73,Message,|get||message|,|get||json||string|,|get||json||string|,915
73,Message,|get||move||validity|,|is||move|,|is||move|,0
73,Message,|get||code|,|get||code|,|get||code|,2
73,Message,|get||message||body|,|get||message|,|get||message|,4
73,GameBoard,|add||p|,|set||p|,|set||p|,7
73,GameBoard,|get||p||type|,|get||type|,|get||type|,28
73,GameBoard,|get||p|,|get||p|,|get||p|,6
73,GameBoard,|get||p|,|get||p|,|get||p|,6
73,GameBoard,|get||board|,|get||json||string|,|get||json||string|,907
73,GameBoard,|start||game|,|init||started|,|init||started|,1035
73,GameBoard,move,|move||move|,|move||move|,334
73,GameBoard,|check||win|,check,|test||from||json|,636
73,GameBoard,|check||draw|,test,|es|,133
73,Move,|get||move||x|,|get||move||x|,|get||move||x|,953
73,Move,|get||move||y|,|get||move||move|,|get||move||move|,25
73,Move,|get||player|,get,|e|,1047
73,Player,|get||type|,|get||type|,|get||type|,28
73,Player,|get||id|,|get||id|,|get||id|,30
73,PlayGame,|get||type|,|get||type|,|get||type|,28
73,PlayGame,|get||id|,|get||id|,|get||id|,30
73,GameTest,|get||type|,|get||type|,|get||type|,28
73,GameTest,|get||id|,|get||id|,|get||id|,30
73,UnitTest,|get||type|,|get||type|,|get||type|,28
73,UnitTest,|get||id|,|get||id|,|get||id|,30
20,PlayGame,main,main,|ai|,1530
20,PlayGame,|send||game||board||to||all||players|,validate,|alidat|,70
20,PlayGame,stop,stop,|to|,466
10,PlayGame,main,main,|ai|,1530
10,PlayGame,|send||game||board||to||all||players|,validate,|alidat|,70
10,PlayGame,stop,stop,|to|,466
17,Message,|is||move||validity|,|is||move|,|is||move|,0
17,Message,|set||move||validity|,|set||move|,|set||move|,1
17,Message,|get||code|,|get||code|,|get||code|,2
17,Message,|set||code|,|set||code|,|set||code|,3
17,Message,|get||message|,|get||message|,|get||message|,4
17,Message,|set||message|,|set||message|,|set||message|,5
17,Message,|to||json|,|get||value|,|get||value|,117
17,GameBoard,|is||move||validity|,|is||move|,|is||move|,0
17,GameBoard,|set||move||validity|,|set||move|,|set||move|,1
17,GameBoard,|get||code|,|get||code|,|get||code|,2
17,GameBoard,|set||code|,|set||code|,|set||code|,3
17,GameBoard,|get||message|,|get||message|,|get||message|,4
17,GameBoard,|set||message|,|set||message|,|set||message|,5
17,GameBoard,|to||json|,|get||value|,|get||value|,117
17,Move,|get||player|,get,|e|,1047
17,Move,|set||player|,set,|e|,1047
17,Move,|get||move||x|,|get||move||x|,|get||move||x|,920
17,Move,|set||move||x|,|set||move|,|set||move|,1
17,Move,|get||move||y|,|get||move||move|,|get||move||move|,25
17,Move,|set||move||y|,|set||move||y|,|set||move||y|,26
17,Player,|get||type|,|get||type|,|get||type|,28
17,Player,|set||type|,|set||type|,|set||type|,27
17,Player,|get||id|,|get||id|,|get||id|,30
17,Player,|set||id|,|set||id|,|set||id|,29
17,SqliteDatabase,|get||type|,|get||type|,|get||type|,28
17,SqliteDatabase,|set||type|,|set||type|,|set||type|,27
17,SqliteDatabase,|get||id|,|get||id|,|get||id|,30
17,SqliteDatabase,|set||id|,|set||id|,|set||id|,29
17,PlayGame,|get||type|,|get||type|,|get||type|,28
17,PlayGame,|set||type|,|set||type|,|set||type|,27
17,PlayGame,|get||id|,|get||id|,|get||id|,30
17,PlayGame,|set||id|,|set||id|,|set||id|,29
17,PlayGameTest,|get||type|,|get||type|,|get||type|,28
17,PlayGameTest,|set||type|,|set||type|,|set||type|,27
17,PlayGameTest,|get||id|,|get||id|,|get||id|,30
17,PlayGameTest,|set||id|,|set||id|,|set||id|,29
17,MessageTest,|test||message||contructor|,|test||move||move|,|test||move||move|,178
17,MessageTest,|test||set||move||validity|,|test||move||move|,|test||move||move|,178
17,MessageTest,|test||set||code|,|test||code|,|test||code|,180
17,MessageTest,|test||set||message|,|test||message||message|,|test||message||message|,181
17,MessageTest,|test||to||json|,|test||move|,|test||move|,183
17,MoveTest,|test||move||contructor|,|test||move||move||move||move|,|test||move||move||move||move|,982
17,MoveTest,|test||set||player|,|test||move||move|,|test||move||move|,178
17,MoveTest,|test||set||move||x|,|test||move||move||move|,|test||move||move||move|,185
17,MoveTest,|test||set||move||y|,|test||move||move||move|,|test||move||move||move|,185
17,GameBoardTest,|test||move||contructor|,|test||move||move||move||move|,|test||move||move||move||move|,978
17,GameBoardTest,|test||set||player|,|test||move||move|,|test||move||move|,178
17,GameBoardTest,|test||set||move||x|,|test||move||move||move|,|test||move||move||move|,185
17,GameBoardTest,|test||set||move||y|,|test||move||move||move|,|test||move||move||move|,185
17,SqliteDatabaseTest,|test||move||contructor|,|test||move||move||move||move|,|test||move||move||move||move|,978
17,SqliteDatabaseTest,|test||set||player|,|test||move||move|,|test||move||move|,178
17,SqliteDatabaseTest,|test||set||move||x|,|test||move||move||move|,|test||move||move||move|,185
17,SqliteDatabaseTest,|test||set||move||y|,|test||move||move||move|,|test||move||move||move|,185
17,PlayerTest,|test||move||contructor|,|test||type|,|test||type|,192
17,PlayerTest,|test||set||type|,|test||type|,|test||type|,192
17,PlayerTest,|test||set||id|,|test||id||of|,|test||id|,193
53,Message,|get||validity|,move,|ov|,648
53,Message,|get||code|,|get||code|,|get||code|,2
53,Message,|get||message|,|get||message|,|get||message|,4
53,GameBoard,update,foo,|o|,122
53,GameBoard,|valid||move|,|move||move|,|move||move|,334
53,GameBoard,|make||movement|,move,|ov|,648
53,GameBoard,|set||player|,|set||p|,|set||p|,7
53,GameBoard,|set||player|,|set||started|,|set||started|,1005
53,GameBoard,|get||board|,|get||component|,|get||value|,1104
53,GameBoard,|get||p|,|get||p|,|get||p|,6
53,GameBoard,|get||p|,|get||p|,|get||p|,6
53,GameBoard,|get||game||status|,|is||started|,|is||started|,10
53,GameBoard,|set||game||status|,|set||started|,|set||started|,1000
53,GameBoard,|is||game||draw|,|is||draw|,|is||draw|,19
53,GameBoard,|get||winner|,get,|e|,1047
53,GameBoard,|get||piece|,|get||value|,|get||value|,117
53,GameBoard,|get||turn|,get,|e|,1047
53,GameBoard,|set||piece|,|set||row|,|set||code|,1439
53,GameBoard,|set||turn|,set,|e|,1047
53,Move,|get||x|,|get||move||x|,|get||move||x|,920
53,Move,|get||y|,|get||move||move|,|get||move||move|,25
53,Move,|get||player||id|,|get||id|,|get||id|,30
53,Move,|get||player||type|,|get||type|,|get||type|,28
53,Player,|get||type|,|get||type|,|get||type|,28
53,Player,|get||id|,|get||id|,|get||id|,30
53,Database,|get||type|,|get||type|,|get||type|,28
53,Database,|get||id|,|get||id|,|get||id|,30
53,PlayGame,|get||type|,|get||type|,|get||type|,28
53,PlayGame,|get||id|,|get||id|,|get||id|,30
53,RecoveryTest,|get||type|,|get||type|,|get||type|,28
53,RecoveryTest,|get||id|,|get||id|,|get||id|,30
53,GameTest,|get||type|,|get||type|,|get||type|,28
53,GameTest,|get||id|,|get||id|,|get||id|,30
53,DatabaseTest,|get||type|,|get||type|,|get||type|,28
53,DatabaseTest,|get||id|,|get||id|,|get||id|,30
18,PlayGame,main,main,|ai|,1530
18,PlayGame,|send||game||board||to||all||players|,validate,|alidat|,70
18,PlayGame,stop,stop,|to|,466
69,Message,|get||move||validity|,move,|ov|,648
69,Message,|get||code|,|get||code|,|get||code|,2
69,Message,|get||message|,|get||message|,|get||message|,4
69,GameBoard,|get||player||by||id|,|get||id|,|get||id|,30
69,GameBoard,|start||game|,|init||started|,|init||started|,916
69,GameBoard,|attempt||move|,move,|ov|,648
69,GameBoard,|in||win||state|,|is||empty|,|is||empty|,473
69,GameBoard,|check||all||same||type|,|is||equal|,|is||in|,1039
69,GameBoard,|in||draw||state|,|is||in|,|is||started|,1499
69,GameBoard,|get||p|,|get||p|,|get||p|,6
69,GameBoard,|set||p|,|set||p|,|set||p|,7
69,GameBoard,|get||p|,|get||p|,|get||p|,6
69,GameBoard,|set||p|,|set||p|,|set||p|,7
69,GameBoard,|get||game||started|,|is||started|,|is||started|,10
69,GameBoard,|get||turn|,get,|e|,1047
69,GameBoard,|get||board||state|,|get||state|,|get||state|,1503
69,GameBoard,|get||winner|,get,|e|,1049
69,GameBoard,|get||is||draw|,|is||draw|,|is||draw|,19
69,Move,|get||player|,get,|e|,1047
69,Move,|get||move||x|,|get||move|,|get||move|,125
69,Move,|get||move||y|,|get||move||move|,|get||move||move|,25
69,Player,|get||type|,|get||type|,|get||type|,28
69,Player,|get||id|,|get||id|,|get||id|,30
69,PlayGame,|get||type|,|get||type|,|get||type|,28
69,PlayGame,|get||id|,|get||id|,|get||id|,30
11,PlayGame,main,main,|ai|,1530
11,PlayGame,|send||game||board||to||all||players|,validate,|alidat|,70
11,PlayGame,stop,stop,|to|,466
1,Message,|set||move||validity|,|set||move|,|set||move|,1
1,Message,|set||code|,|set||code|,|set||code|,3
1,Message,|set||message|,|set||message|,|set||message|,5
1,Message,|get||move||validity|,|is||move|,|is||move|,0
1,Message,|get||code|,|get||code|,|get||code|,2
1,Message,|get||message|,|get||message|,|get||message|,4
1,GameBoard,|set||player|,|set||p|,|set||p|,7
1,GameBoard,|set||player|,|set||p|,|set||p|,7
1,GameBoard,|set||game||started|,|set||started||started|,|set||started||started|,11
1,GameBoard,|set||turn|,set,|e|,1047
1,GameBoard,|set||board||state|,set,|e|,1047
1,GameBoard,|set||winner|,|set||students|,|set||students|,18
1,GameBoard,|set||is||draw|,|set||draw|,|set||draw|,20
1,GameBoard,|get||player|,|get||p|,|get||p|,6
1,GameBoard,|get||player|,|get||p|,|get||p|,6
1,GameBoard,|get||game||started|,|is||started|,|is||started|,10
1,GameBoard,|get||turn|,|get||int|,|get||int|,12
1,GameBoard,|get||board||state|,|get||state|,|get||state|,1503
1,GameBoard,|get||winner|,get,|e|,1047
1,GameBoard,|get||is||draw|,|is||draw|,|is||draw|,19
1,Move,|set||player|,set,|e|,1047
1,Move,|set||moxe||x|,|set||move|,|set||move|,1
1,Move,|set||move||y|,|set||move||y|,|set||move||y|,26
1,Move,|get||player|,get,|e|,1047
1,Move,|get||move||x|,|get||move||x|,|get||move||x|,920
1,Move,|get||move||y|,|get||move||move|,|get||move||move|,25
1,Player,|set||type|,|set||type|,|set||type|,27
1,Player,|get||type|,|get||type|,|get||type|,28
1,Player,|get||id|,|get||id|,|get||id|,30
1,PlayGame,|set||type|,|set||type|,|set||type|,27
1,PlayGame,|get||type|,|get||type|,|get||type|,28
1,PlayGame,|get||id|,|get||id|,|get||id|,30
3,Message,|get||move||validity|,|is||move|,|is||move|,0
3,Message,|set||move||validity|,|set||move|,|set||move|,1
3,Message,|get||code|,|get||code|,|get||code|,2
3,Message,|set||code|,|set||code|,|set||code|,3
3,Message,|get||message|,|get||message|,|get||message|,4
3,Message,|set||message|,|set||message|,|set||message|,5
3,Message,|to||json|,|get||value|,|get||value|,117
3,GameBoard,|get||move||validity|,|is||move|,|is||move|,0
3,GameBoard,|set||move||validity|,|set||move|,|set||move|,1
3,GameBoard,|get||code|,|get||code|,|get||code|,2
3,GameBoard,|set||code|,|set||code|,|set||code|,3
3,GameBoard,|get||message|,|get||message|,|get||message|,4
3,GameBoard,|set||message|,|set||message|,|set||message|,5
3,GameBoard,|to||json|,|get||value|,|get||value|,117
3,Move,|get||player|,get,|e|,1047
3,Move,|set||player|,set,|e|,1047
3,Move,|get||move||x|,|get||move||x|,|get||move||x|,920
3,Move,|set||move||x|,|set||move|,|set||move|,1
3,Move,|get||move||y|,|get||move||move|,|get||move||move|,25
3,Move,|set||move||y|,|set||move||y|,|set||move||y|,26
3,Player,|get||id|,|get||id|,|get||id|,30
3,Player,|get||type|,|get||type|,|get||type|,28
3,Player,|get||opposing||type|,|get||type|,|get||type|,28
3,Player,|set||type|,|set||type|,|set||type|,27
3,Player,|set||id|,|set||id|,|set||id|,29
3,PlayGame,|get||id|,|get||id|,|get||id|,30
3,PlayGame,|get||type|,|get||type|,|get||type|,28
3,PlayGame,|get||opposing||type|,|get||type|,|get||type|,28
3,PlayGame,|set||type|,|set||type|,|set||type|,27
3,PlayGame,|set||id|,|set||id|,|set||id|,29
32,Message,|get||move||validity|,move,|ov|,648
32,Message,|get||code|,|get||code|,|get||code|,2
32,Message,|get||message|,|get||message|,|get||message|,4
32,Message,|set||move||validity|,|set||move|,|set||move|,1
32,Message,|set||code|,|set||code|,|set||code|,3
32,Message,|set||message|,|set||message|,|set||message|,5
32,GameBoard,|get||move||validity|,move,|ov|,648
32,GameBoard,|get||code|,|get||code|,|get||code|,2
32,GameBoard,|get||message|,|get||message|,|get||message|,4
32,GameBoard,|set||move||validity|,|set||move|,|set||move|,1
32,GameBoard,|set||code|,|set||code|,|set||code|,3
32,GameBoard,|set||message|,|set||message|,|set||message|,5
32,Move,|get||player|,get,|e|,1047
32,Move,|set||player|,set,|e|,1047
32,Move,|get||move||x|,|get||move||x|,|get||move||x|,920
32,Move,|set||move||x|,|set||move|,|set||move|,1
32,Move,|get||move||y|,|get||move||move|,|get||move||move|,25
32,Move,|set||move||y|,|set||move||y|,|set||move||y|,26
32,Player,|get||id|,|get||id|,|get||id|,30
32,Player,|get||type|,|get||type|,|get||type|,28
32,Player,|set||id|,|set||id|,|set||id|,29
32,Player,|set||type|,|set||type|,|set||type|,27
32,MyDatabase,|get||id|,|get||id|,|get||id|,30
32,MyDatabase,|get||type|,|get||type|,|get||type|,28
32,MyDatabase,|set||id|,|set||id|,|set||id|,29
32,MyDatabase,|set||type|,|set||type|,|set||type|,27
32,PlayGame,|get||id|,|get||id|,|get||id|,30
32,PlayGame,|get||type|,|get||type|,|get||type|,28
32,PlayGame,|set||id|,|set||id|,|set||id|,29
32,PlayGame,|set||type|,|set||type|,|set||type|,27
32,UnitTest,|get||id|,|get||id|,|get||id|,30
32,UnitTest,|get||type|,|get||type|,|get||type|,28
32,UnitTest,|set||id|,|set||id|,|set||id|,29
32,UnitTest,|set||type|,|set||type|,|set||type|,27
32,DataBaseTest,|create||connection||test|,|set||up|,|set||up|,467
32,DataBaseTest,|create||table||test|,setup,|etu|,627
32,DataBaseTest,|clean||table||test|,|tear||down|,|tear||down|,641
32,DataBaseTest,|add||move||test|,|test||move||move|,|test||move||move|,178
32,DataBaseTest,|update||game||board||test|,|test||update|,|test||update|,1165
32,DataBaseTest,|recovery||from||database||test|,|test||one||to||many||to||many|,|test||one||to||many||to||many|,1166
32,RobustnessTest,|create||connection||test|,|set||up|,|set||up|,467
32,RobustnessTest,|create||table||test|,setup,|etu|,627
32,RobustnessTest,|clean||table||test|,|tear||down|,|tear||down|,641
32,RobustnessTest,|add||move||test|,|test||move||move|,|test||move||move|,178
32,RobustnessTest,|update||game||board||test|,|test||update|,|test||update|,1159
32,RobustnessTest,|recovery||from||database||test|,|test||one||to||many||to||many|,|test||one||to||many||to||many|,1160
32,GameTest,|create||connection||test|,|set||up|,|set||up|,467
32,GameTest,|create||table||test|,setup,|etu|,627
32,GameTest,|clean||table||test|,|tear||down|,|tear||down|,641
32,GameTest,|add||move||test|,|test||move||move|,|test||move||move|,178
32,GameTest,|update||game||board||test|,|test||update|,|test||update|,1159
32,GameTest,|recovery||from||database||test|,|test||one||to||many||to||many|,|test||one||to||many||to||many|,1160
78,PlayGame,main,main,|ai|,1530
78,PlayGame,|send||game||board||to||all||players|,validate,|alidat|,70
78,PlayGame,stop,stop,|to|,466
79,PlayGame,main,main,|ai|,1530
79,PlayGame,|send||game||board||to||all||players|,validate,|alidat|,70
79,PlayGame,stop,stop,|to|,466
12,PlayGame,main,main,|ai|,1530
12,PlayGame,|send||game||board||to||all||players|,validate,|alidat|,70
12,PlayGame,stop,stop,|to|,466
15,PlayGame,main,main,|ai|,1530
15,PlayGame,|send||game||board||to||all||players|,validate,|alidat|,70
15,PlayGame,stop,stop,|to|,466
52,PlayGame,main,main,|ai|,1530
52,PlayGame,|send||game||board||to||all||players|,validate,|alidat|,70
52,PlayGame,stop,stop,|to|,466
44,PlayGame,main,main,|ai|,1530
44,PlayGame,|send||game||board||to||all||players|,validate,|alidat|,70
44,PlayGame,stop,stop,|to|,466
49,Message,|get||message||code|,|get||code|,|get||code|,2
49,GameBoard,|get||message||code|,|get||code|,|get||code|,2
49,Move,|get||player|,get,|e|,1047
49,Move,|get||x|,|get||move|,|get||move|,125
49,Move,|get||y|,|get||move||move|,|get||move||move|,25
49,Player,|change||player||type|,|set||input||type|,|set||input||type|,1199
49,Player,|get||player||type|,|get||type|,|get||type|,28
49,Player,|get||player||id|,|get||id|,|get||id|,30
49,PlayGame,|change||player||type|,|set||input||type|,|set||input||type|,1196
49,PlayGame,|get||player||type|,|get||type|,|get||type|,28
49,PlayGame,|get||player||id|,|get||id|,|get||id|,30
47,Message,|get||move||validity|,|is||move|,|is||move|,0
47,Message,|set||move||validity|,|set||move|,|set||move|,1
47,Message,|get||code|,|get||code|,|get||code|,2
47,Message,|set||code|,|set||code|,|set||code|,3
47,Message,|get||message|,|get||message|,|get||message|,4
47,Message,|set||message|,|set||message|,|set||message|,5
47,GameBoard,|get||move||validity|,|is||move|,|is||move|,0
47,GameBoard,|set||move||validity|,|set||move|,|set||move|,1
47,GameBoard,|get||code|,|get||code|,|get||code|,2
47,GameBoard,|set||code|,|set||code|,|set||code|,3
47,GameBoard,|get||message|,|get||message|,|get||message|,4
47,GameBoard,|set||message|,|set||message|,|set||message|,5
47,Move,|get||player|,get,|e|,1047
47,Move,|set||player|,set,|e|,1047
47,Move,|get||move||x|,|get||move||x|,|get||move||x|,920
47,Move,|set||move||x|,|set||move|,|set||move|,1
47,Move,|get||move||y|,|get||move||move|,|get||move||move|,25
47,Move,|set||move||y|,|set||move||y|,|set||move||y|,26
47,Player,|get||type|,|get||type|,|get||type|,28
47,Player,|set||type|,|set||type|,|set||type|,27
47,Player,|get||id|,|get||id|,|get||id|,30
47,Player,|set||id|,|set||id|,|set||id|,29
47,GameDatabase,|get||type|,|get||type|,|get||type|,28
47,GameDatabase,|set||type|,|set||type|,|set||type|,27
47,GameDatabase,|get||id|,|get||id|,|get||id|,30
47,GameDatabase,|set||id|,|set||id|,|set||id|,29
47,PlayGame,|get||type|,|get||type|,|get||type|,28
47,PlayGame,|set||type|,|set||type|,|set||type|,27
47,PlayGame,|get||id|,|get||id|,|get||id|,30
47,PlayGame,|set||id|,|set||id|,|set||id|,29
47,GameRebootTest,|get||type|,|get||type|,|get||type|,28
47,GameRebootTest,|set||type|,|set||type|,|set||type|,27
47,GameRebootTest,|get||id|,|get||id|,|get||id|,30
47,GameRebootTest,|set||id|,|set||id|,|set||id|,29
47,GameTest,|get||type|,|get||type|,|get||type|,28
47,GameTest,|set||type|,|set||type|,|set||type|,27
47,GameTest,|get||id|,|get||id|,|get||id|,30
47,GameTest,|set||id|,|set||id|,|set||id|,29
47,GameBoardTest,|get||type|,|get||type|,|get||type|,28
47,GameBoardTest,|set||type|,|set||type|,|set||type|,27
47,GameBoardTest,|get||id|,|get||id|,|get||id|,30
47,GameBoardTest,|set||id|,|set||id|,|set||id|,29
103,PlayGame,main,main,|ai|,1530
103,PlayGame,|send||game||board||to||all||players|,validate,|alidat|,70
103,PlayGame,stop,stop,|to|,466
64,PlayGame,main,main,|ai|,1530
64,PlayGame,|send||game||board||to||all||players|,validate,|alidat|,70
64,PlayGame,stop,stop,|to|,466
104,PlayGame,main,main,|ai|,1530
104,PlayGame,|send||game||board||to||all||players|,validate,|alidat|,70
104,PlayGame,stop,stop,|to|,466
74,PlayGame,main,main,|ai|,1530
74,PlayGame,|send||game||board||to||all||players|,validate,|alidat|,70
74,PlayGame,stop,stop,|to|,466
85,PlayGame,main,main,|ai|,1530
85,PlayGame,|send||game||board||to||all||players|,validate,|alidat|,70
85,PlayGame,stop,stop,|to|,466
62,Move,|get||player||id|,|get||id|,|get||id|,30
62,Move,|get||move||x|,|get||move||x|,|get||move||x|,920
62,Move,|get||move||y|,|get||move||move|,|get||move||move|,25
62,Player,|get||type|,|get||type|,|get||type|,28
62,Player,|get||player||id|,|get||id|,|get||id|,30
62,PlayGame,|get||type|,|get||type|,|get||type|,28
62,PlayGame,|get||player||id|,|get||id|,|get||id|,30
98,PlayGame,main,main,|ai|,1530
98,PlayGame,|send||game||board||to||all||players|,validate,|alidat|,70
98,PlayGame,stop,stop,|to|,466
21,PlayGame,main,main,|ai|,1530
21,PlayGame,|send||game||board||to||all||players|,validate,|alidat|,70
21,PlayGame,stop,stop,|to|,466
46,PlayGame,main,main,|ai|,1530
46,PlayGame,|send||game||board||to||all||players|,validate,|alidat|,70
46,PlayGame,stop,stop,|to|,466
86,PlayGame,main,main,|ai|,1530
86,PlayGame,|send||game||board||to||all||players|,validate,|alidat|,70
86,PlayGame,stop,stop,|to|,466
31,PlayGame,main,main,|ai|,1530
31,PlayGame,|send||game||board||to||all||players|,validate,|alidat|,70
31,PlayGame,stop,stop,|to|,466
68,Message,|set||full||message|,|set||move|,|set||move|,1
68,Message,|get||move||validity|,|is||move|,|is||move|,0
68,Message,|set||move||validity|,|set||move|,|set||move|,1
68,Message,|get||code|,|get||code|,|get||code|,2
68,Message,|set||code|,|set||code|,|set||code|,3
68,Message,|get||message|,|get||message|,|get||message|,4
68,Message,|set||message|,|set||message|,|set||message|,5
68,GameBoard,|get||p|,|get||p|,|get||p|,6
68,GameBoard,|set||p|,|set||p|,|set||p|,7
68,GameBoard,|get||p|,|get||p|,|get||p|,6
68,GameBoard,|set||p|,|set||p|,|set||p|,7
68,GameBoard,|is||game||started|,|is||started|,|is||started|,10
68,GameBoard,|set||game||started|,|set||started||started|,|set||started||started|,11
68,GameBoard,|get||turn|,|get||int|,|get||int|,12
68,GameBoard,|set||turn|,set,|e|,1047
68,GameBoard,|get||board||state|,|get||state|,|get||state|,1503
68,GameBoard,|set||board||state|,set,|e|,1047
68,GameBoard,|get||winner|,get,|e|,1047
68,GameBoard,|set||winner|,|set||students|,|set||students|,18
68,GameBoard,|is||draw|,|is||draw|,|is||draw|,19
68,GameBoard,|set||draw|,|set||draw|,|set||draw|,20
68,Move,|get||player|,get,|e|,1047
68,Move,|set||player|,set,|e|,1047
68,Move,|get||move||x|,|get||move||x|,|get||move||x|,920
68,Move,|set||move||x|,|set||move|,|set||move|,1
68,Move,|get||move||y|,|get||move||move|,|get||move||move|,25
68,Move,|set||move||y|,|set||move||y|,|set||move||y|,26
68,Player,|get||type|,|get||type|,|get||type|,28
68,Player,|set||type|,|set||type|,|set||type|,27
68,Player,|get||id|,|get||id|,|get||id|,30
68,Player,|set||id|,|set||id|,|set||id|,29
68,GameState,|get||game||state|,|get||state|,|get||state|,1503
68,PlayGame,|get||game||state|,|get||state|,|get||state|,1503
68,GameTest,|get||game||state|,|get||state|,|get||state|,1503
19,Message,|getmove||validity|,|is||move|,|is||move|,0
19,Message,|setmove||validity|,|set||move|,|set||move|,1
19,Message,getcode,|get||code|,|get||code|,2
19,Message,setcode,|set||code|,|set||code|,3
19,Message,getmessage,|get||message|,|get||message|,4
19,Message,setmessage,|set||message|,|set||message|,5
19,GameBoard,|getmove||validity|,|is||move|,|is||move|,0
19,GameBoard,|setmove||validity|,|set||move|,|set||move|,1
19,GameBoard,getcode,|get||code|,|get||code|,2
19,GameBoard,setcode,|set||code|,|set||code|,3
19,GameBoard,getmessage,|get||message|,|get||message|,4
19,GameBoard,setmessage,|set||message|,|set||message|,5
19,Move,getplay,get,|e|,1047
19,Move,setplayer,set,|e|,1047
19,Move,|getmove||x|,|get||move||x|,|get||move||x|,920
19,Move,|setmove||x|,|set||move|,|set||move|,1
19,Move,|getmove||y|,|get||move||move|,|get||move||move|,25
19,Move,|setmove||y|,|set||move||y|,|set||move||y|,26
19,Player,gettype,|get||type|,|get||type|,28
19,Player,settype,|set||type|,|set||type|,27
19,Player,getid,|get||id|,|get||id|,30
19,Player,setid,|set||id|,|set||id|,29
19,DatabaseJdbc,gettype,|get||type|,|get||type|,28
19,DatabaseJdbc,settype,|set||type|,|set||type|,27
19,DatabaseJdbc,getid,|get||id|,|get||id|,30
19,DatabaseJdbc,setid,|set||id|,|set||id|,29
19,PlayGame,gettype,|get||type|,|get||type|,28
19,PlayGame,settype,|set||type|,|set||type|,27
19,PlayGame,getid,|get||id|,|get||id|,30
19,PlayGame,setid,|set||id|,|set||id|,29
19,GameFailTest,gettype,|get||type|,|get||type|,28
19,GameFailTest,settype,|set||type|,|set||type|,27
19,GameFailTest,getid,|get||id|,|get||id|,30
19,GameFailTest,setid,|set||id|,|set||id|,29
19,GameWinTest,gettype,|get||type|,|get||type|,28
19,GameWinTest,settype,|set||type|,|set||type|,27
19,GameWinTest,getid,|get||id|,|get||id|,30
19,GameWinTest,setid,|set||id|,|set||id|,29
19,GameCrashTest,gettype,|get||type|,|get||type|,28
19,GameCrashTest,settype,|set||type|,|set||type|,27
19,GameCrashTest,getid,|get||id|,|get||id|,30
19,GameCrashTest,setid,|set||id|,|set||id|,29
19,DatabaseMethodTest,gettype,|get||type|,|get||type|,28
19,DatabaseMethodTest,settype,|set||type|,|set||type|,27
19,DatabaseMethodTest,getid,|get||id|,|get||id|,30
19,DatabaseMethodTest,setid,|set||id|,|set||id|,29
19,MethodTest,gettype,|get||type|,|get||type|,28
19,MethodTest,settype,|set||type|,|set||type|,27
19,MethodTest,getid,|get||id|,|get||id|,30
19,MethodTest,setid,|set||id|,|set||id|,29
102,Message,|get||move||validity|,move,|ov|,648
102,Message,|get||code|,|get||code|,|get||code|,2
102,Message,|get||message|,|get||message|,|get||message|,4
102,Message,|set||move||validity|,|set||move|,|set||move|,1
102,Message,|set||message|,|set||message|,|set||message|,5
102,Message,|set||code|,|set||code|,|set||code|,3
102,GameBoard,|get||player|,|get||p|,|get||p|,6
102,GameBoard,|get||cur||player|,get,|e|,1047
102,GameBoard,|get||board||state|,|get||state|,|get||state|,1503
102,GameBoard,|get||board||state||at|,get,|e|,1047
102,GameBoard,|get||game||started|,|is||started|,|is||started|,10
102,GameBoard,|get||draw|,|is||draw|,|is||draw|,19
102,GameBoard,|get||winner|,get,|e|,1047
102,GameBoard,|set||p|,|set||p|,|set||p|,7
102,GameBoard,|set||p|,|set||p|,|set||p|,7
102,GameBoard,|set||turn|,|set||id|,|set||id|,29
102,GameBoard,|set||draw|,|set||draw|,|set||draw|,20
102,GameBoard,|set||winner|,|set||id|,|set||id|,29
102,GameBoard,|set||game||started|,|set||started|,|set||started|,1000
102,GameBoard,|set||board||state|,|set||state|,|set||state|,15
102,GameBoard,|set||board||state||at|,set,|e|,1047
102,Move,|get||x|,|get||move|,|get||move|,125
102,Move,|get||y|,|get||move||move|,|get||move||move|,25
102,Move,|get||player|,get,|e|,1047
102,Move,|set||x|,|set||x|,|set||x|,1390
102,Move,|set||y|,|set||x|,|set||x|,1389
102,Move,|set||player|,set,|e|,1047
102,Player,|get||id|,|get||id|,|get||id|,30
102,Player,|get||type|,|get||type|,|get||type|,28
102,Player,|set||id|,|set||id|,|set||id|,29
102,Player,|set||type|,|set||type|,|set||type|,27
102,PlayGame,main,main,|ai|,1530
102,PlayGame,|get||parameters||map|,|get||map|,|get||map|,1401
102,PlayGame,|send||game||board||to||all||players|,validate,|alidat|,70
102,PlayGame,stop,stop,|to|,466
102,BoardController,main,main,|ai|,1530
102,BoardController,|get||parameters||map|,|get||map|,|get||map|,1397
102,BoardController,|send||game||board||to||all||players|,validate,|alidat|,70
102,BoardController,stop,stop,|to|,466
75,Message,main,main,|ai|,1530
75,Message,|get||parameters||map|,|get||map|,|get||map|,1397
75,Message,|send||game||board||to||all||players|,validate,|alidat|,70
75,Message,stop,stop,|to|,466
75,GameBoard,main,main,|ai|,1530
75,GameBoard,|get||parameters||map|,|get||map|,|get||map|,1397
75,GameBoard,|send||game||board||to||all||players|,validate,|alidat|,70
75,GameBoard,stop,stop,|to|,466
75,Move,|get||move||x|,|get||move||x|,|get||move||x|,920
75,Move,|get||move||y|,|get||move||move|,|get||move||move|,25
75,Move,setplayer,set,|e|,1047
75,Move,getplayer,get,|e|,1047
75,Player,|get||type|,|get||type|,|get||type|,28
75,Player,|set||type|,|set||type|,|set||type|,27
75,Player,|get||id|,|get||id|,|get||id|,30
75,Player,|set||id|,|set||id|,|set||id|,29
75,Database,|get||type|,|get||type|,|get||type|,28
75,Database,|set||type|,|set||type|,|set||type|,27
75,Database,|get||id|,|get||id|,|get||id|,30
75,Database,|set||id|,|set||id|,|set||id|,29
75,PlayGame,|get||type|,|get||type|,|get||type|,28
75,PlayGame,|set||type|,|set||type|,|set||type|,27
75,PlayGame,|get||id|,|get||id|,|get||id|,30
75,PlayGame,|set||id|,|set||id|,|set||id|,29
75,GameTest,|get||type|,|get||type|,|get||type|,28
75,GameTest,|set||type|,|set||type|,|set||type|,27
75,GameTest,|get||id|,|get||id|,|get||id|,30
75,GameTest,|set||id|,|set||id|,|set||id|,29
75,UnitTest,|get||type|,|get||type|,|get||type|,28
75,UnitTest,|set||type|,|set||type|,|set||type|,27
75,UnitTest,|get||id|,|get||id|,|get||id|,30
75,UnitTest,|set||id|,|set||id|,|set||id|,29
2,Message,|is||move||validity|,|is||move|,|is||move|,0
2,Message,|set||move||validity|,|set||move|,|set||move|,1
2,Message,|get||code|,|get||code|,|get||code|,2
2,Message,|set||code|,|set||code|,|set||code|,3
2,Message,|get||message|,|get||message|,|get||message|,4
2,Message,|set||message|,|set||message|,|set||message|,5
2,GameBoard,|get||p|,|get||p|,|get||p|,6
2,GameBoard,|set||p|,|set||p|,|set||p|,7
2,GameBoard,|get||p|,|get||p|,|get||p|,6
2,GameBoard,|set||p|,|set||p|,|set||p|,7
2,GameBoard,|is||game||started|,|is||started|,|is||started|,10
2,GameBoard,|set||game||started|,|set||started||started|,|set||started||started|,11
2,GameBoard,|get||turn|,|get||int|,|get||int|,12
2,GameBoard,|set||turn|,set,|e|,1047
2,GameBoard,|get||board||state|,|get||state|,|get||state|,1503
2,GameBoard,|set||board||state|,|set||state|,|set||state|,15
2,GameBoard,|get||winner|,get,|e|,1047
2,GameBoard,|set||winner|,|set||students|,|set||students|,18
2,GameBoard,|is||draw|,|is||draw|,|is||draw|,19
2,GameBoard,|set||draw|,|set||draw|,|set||draw|,20
2,Move,|get||player|,get,|e|,1047
2,Move,|set||player|,set,|e|,1047
2,Move,|get||move||x|,|get||move||x|,|get||move||x|,920
2,Move,|set||move||x|,|set||move|,|set||move|,1
2,Move,|get||move||y|,|get||move||move|,|get||move||move|,25
2,Move,|set||move||y|,|set||move||y|,|set||move||y|,26
2,Player,|get||type|,|get||type|,|get||type|,28
2,Player,|set||type|,|set||type|,|set||type|,27
2,Player,|get||id|,|get||id|,|get||id|,30
2,Player,|set||id|,|set||id|,|set||id|,29
2,DatabaseJdbc,|get||type|,|get||type|,|get||type|,28
2,DatabaseJdbc,|set||type|,|set||type|,|set||type|,27
2,DatabaseJdbc,|get||id|,|get||id|,|get||id|,30
2,DatabaseJdbc,|set||id|,|set||id|,|set||id|,29
2,PlayGame,|get||type|,|get||type|,|get||type|,28
2,PlayGame,|set||type|,|set||type|,|set||type|,27
2,PlayGame,|get||id|,|get||id|,|get||id|,30
2,PlayGame,|set||id|,|set||id|,|set||id|,29
2,GameTest,|get||type|,|get||type|,|get||type|,28
2,GameTest,|set||type|,|set||type|,|set||type|,27
2,GameTest,|get||id|,|get||id|,|get||id|,30
2,GameTest,|set||id|,|set||id|,|set||id|,29
2,DatabaseTest,|get||type|,|get||type|,|get||type|,28
2,DatabaseTest,|set||type|,|set||type|,|set||type|,27
2,DatabaseTest,|get||id|,|get||id|,|get||id|,30
2,DatabaseTest,|set||id|,|set||id|,|set||id|,29
2,MethodsTest,|get||type|,|get||type|,|get||type|,28
2,MethodsTest,|set||type|,|set||type|,|set||type|,27
2,MethodsTest,|get||id|,|get||id|,|get||id|,30
2,MethodsTest,|set||id|,|set||id|,|set||id|,29
90,PlayGame,main,main,|ai|,1530
90,PlayGame,|send||game||board||to||all||players|,validate,|alidat|,70
90,PlayGame,stop,stop,|to|,466
58,Message,|get||move||validity|,move,|ov|,648
58,Message,|set||move||validity|,|set||move|,|set||move|,1
58,Message,|get||code|,|get||code|,|get||code|,2
58,Message,|set||code|,|set||code|,|set||code|,3
58,Message,|get||message|,|get||message|,|get||message|,4
58,Message,|set||message|,|set||message|,|set||message|,5
58,GameBoard,|get||p|,|get||p|,|get||p|,6
58,GameBoard,|set||p|,|set||p|,|set||p|,7
58,GameBoard,|get||p|,|get||p|,|get||p|,6
58,GameBoard,|set||p|,|set||p|,|set||p|,7
58,GameBoard,|get||game||started|,|is||started|,|is||started|,10
58,GameBoard,|set||game||started|,|set||started|,|set||started|,1000
58,GameBoard,|get||turn|,get,|e|,1047
58,GameBoard,|set||turn|,set,|e|,1047
58,GameBoard,|get||board||state|,|get||state|,|get||state|,1548
58,GameBoard,|set||board||state|,move,|ov|,648
58,GameBoard,|get||winner|,get,|e|,1047
58,GameBoard,|set||winner|,set,|e|,1047
58,GameBoard,|get||is||draw|,|is||draw|,|is||draw|,19
58,GameBoard,|set||is||draw|,|set||draw|,|set||draw|,20
58,Move,|get||player|,get,|e|,1047
58,Move,|set||player|,set,|e|,1047
58,Move,|get||move||x|,|get||move|,|get||move|,125
58,Move,|set||move||x|,|set||x|,|set||x|,1389
58,Move,|get||move||y|,|get||move||move|,|get||move||move|,25
58,Move,|set||move||y|,|set||y|,|set||move||y|,1616
58,Player,|get||type|,|get||type|,|get||type|,28
58,Player,|set||type|,|set||type|,|set||type|,27
58,Player,|get||id|,|get||id|,|get||id|,30
58,Player,|set||id|,|set||id|,|set||id|,29
58,PlayGame,|get||type|,|get||type|,|get||type|,28
58,PlayGame,|set||type|,|set||type|,|set||type|,27
58,PlayGame,|get||id|,|get||id|,|get||id|,30
58,PlayGame,|set||id|,|set||id|,|set||id|,29
58,GameTest,|get||type|,|get||type|,|get||type|,28
58,GameTest,|set||type|,|set||type|,|set||type|,27
58,GameTest,|get||id|,|get||id|,|get||id|,30
58,GameTest,|set||id|,|set||id|,|set||id|,29
81,PlayGame,main,main,|ai|,1530
81,PlayGame,|send||game||board||to||all||players|,validate,|alidat|,70
81,PlayGame,stop,stop,|to|,466
92,PlayGame,main,main,|ai|,1558
92,PlayGame,|send||game||board||to||all||players|,validate,|alidat|,70
92,PlayGame,stop,stop,|to|,466
93,Message,|is||move||validity|,|is||move|,|is||move|,0
93,Message,|set||move||validity|,|set||move|,|set||move|,1
93,Message,|get||code|,|get||code|,|get||code|,2
93,Message,|set||code|,|set||code||status|,|set||code|,1649
93,Message,|get||message|,|get||message|,|get||message|,4
93,Message,|set||message|,|set||message|,|set||message|,5
93,GameBoard,update,get,|e|,1047
93,GameBoard,|get||p|,|get||p|,|get||p|,6
93,GameBoard,|set||p|,|set||p|,|set||p|,7
93,GameBoard,|get||p|,|get||p|,|get||p|,6
93,GameBoard,|set||p|,|set||p|,|set||p|,7
93,GameBoard,|is||game||started|,|is||started|,|is||started|,10
93,GameBoard,|set||game||started|,|set||started||started|,|set||started||started|,11
93,GameBoard,|get||turn|,|get||int|,|get||int|,12
93,GameBoard,|set||turn|,set,|e|,1047
93,GameBoard,|get||board||state|,|get||state|,|get||state|,1503
93,GameBoard,|set||board||state|,|set||state|,|set||state|,15
93,GameBoard,|get||winner|,get,|e|,1047
93,GameBoard,|set||winner|,set,|e|,1047
93,GameBoard,|get||is||draw|,|is||draw|,|is||draw|,19
93,GameBoard,|set||is||draw|,|set||draw|,|set||draw|,20
93,Player,|get||type|,|get||type|,|get||type|,28
93,Player,|set||type|,|set||type|,|set||type|,27
93,Player,|get||id|,|get||id|,|get||id|,30
93,Player,|set||id|,|set||id|,|set||id|,29
22,PlayGame,main,main,|ai|,1530
22,PlayGame,|send||game||board||to||all||players|,validate,|alidat|,70
22,PlayGame,stop,stop,|to|,466
71,PlayGame,main,main,|ai|,1530
71,PlayGame,|send||game||board||to||all||players|,validate,|alidat|,70
71,PlayGame,stop,stop,|to|,466
100,PlayGame,main,main,|ai|,1530
100,PlayGame,|send||game||board||to||all||players|,validate,|alidat|,70
100,PlayGame,stop,stop,|to|,466
40,PlayGame,main,main,|ai|,1530
40,PlayGame,|send||game||board||to||all||players|,validate,|alidat|,70
40,PlayGame,stop,stop,|to|,466
50,Move,|get||player|,get,|e|,1047
50,Move,|get||move||x|,|get||move||x|,|get||move||x|,920
50,Move,|get||move||y|,|get||move||move|,|get||move||move|,25
50,Player,|get||type|,|get||type|,|get||type|,28
50,Player,|get||id|,|get||id|,|get||id|,30
50,PlayGame,|get||type|,|get||type|,|get||type|,28
50,PlayGame,|get||id|,|get||id|,|get||id|,30
28,Message,|get||validity|,|is||move|,|is||move|,0
28,Message,|get||code|,|get||code|,|get||code|,2
28,GameBoard,|get||validity|,|is||move|,|is||move|,0
28,GameBoard,|get||code|,|get||code|,|get||code|,2
28,Move,|get||x|,|get||move||x|,|get||move||x|,920
28,Move,|get||y|,|get||move||move|,|get||move||move|,25
28,Move,|get||player|,get,|e|,1047
28,Player,set,|set||type|,|set||type|,27
28,Player,|get||id|,|get||id|,|get||id|,30
28,Player,|get||type|,|get||type|,|get||type|,28
28,PlayGame,set,|set||type|,|set||type|,27
28,PlayGame,|get||id|,|get||id|,|get||id|,30
28,PlayGame,|get||type|,|get||type|,|get||type|,28
28,GameTest,set,|set||type|,|set||type|,27
28,GameTest,|get||id|,|get||id|,|get||id|,30
28,GameTest,|get||type|,|get||type|,|get||type|,28
28,UnitTest,set,|set||type|,|set||type|,27
28,UnitTest,|get||id|,|get||id|,|get||id|,30
28,UnitTest,|get||type|,|get||type|,|get||type|,28
7,PlayGame,main,main,|ai|,1530
7,PlayGame,|send||game||board||to||all||players|,validate,|alidat|,70
7,PlayGame,stop,stop,|to|,466
77,Message,|is||move||validity|,|is||move|,|is||move|,0
77,Message,|set||move||validity|,|set||move|,|set||move|,1
77,Message,|get||code|,|get||code|,|get||code|,2
77,Message,|set||code|,|set||code|,|set||code|,3
77,Message,|get||message|,|get||message|,|get||message|,4
77,Message,|set||message|,|set||message|,|set||message|,5
77,GameBoard,|is||move||validity|,|is||move|,|is||move|,0
77,GameBoard,|set||move||validity|,|set||move|,|set||move|,1
77,GameBoard,|get||code|,|get||code|,|get||code|,2
77,GameBoard,|set||code|,|set||code|,|set||code|,3
77,GameBoard,|get||message|,|get||message|,|get||message|,4
77,GameBoard,|set||message|,|set||message|,|set||message|,5
77,Move,|get||player|,get,|e|,1047
77,Move,|set||player|,set,|e|,1047
77,Move,|get||move||x|,|get||move||x|,|get||move||x|,920
77,Move,|set||move||x|,|set||move|,|set||move|,1
77,Move,|get||move||y|,|get||move||move|,|get||move||move|,25
77,Move,|set||move||y|,|set||move||y|,|set||move||y|,26
77,Player,|get||type|,|get||type|,|get||type|,28
77,Player,|set||type|,|set||type|,|set||type|,27
77,Player,|get||id|,|get||id|,|get||id|,30
77,Player,|set||id|,|set||id|,|set||id|,29
77,DatabaseJdbc,|get||type|,|get||type|,|get||type|,28
77,DatabaseJdbc,|set||type|,|set||type|,|set||type|,27
77,DatabaseJdbc,|get||id|,|get||id|,|get||id|,30
77,DatabaseJdbc,|set||id|,|set||id|,|set||id|,29
77,PlayGame,|get||type|,|get||type|,|get||type|,28
77,PlayGame,|set||type|,|set||type|,|set||type|,27
77,PlayGame,|get||id|,|get||id|,|get||id|,30
77,PlayGame,|set||id|,|set||id|,|set||id|,29
77,PlayGameTest,|get||type|,|get||type|,|get||type|,28
77,PlayGameTest,|set||type|,|set||type|,|set||type|,27
77,PlayGameTest,|get||id|,|get||id|,|get||id|,30
77,PlayGameTest,|set||id|,|set||id|,|set||id|,29
77,GameBoardTest,|get||type|,|get||type|,|get||type|,28
77,GameBoardTest,|set||type|,|set||type|,|set||type|,27
77,GameBoardTest,|get||id|,|get||id|,|get||id|,30
77,GameBoardTest,|set||id|,|set||id|,|set||id|,29
55,PlayGame,main,main,|ai|,1530
55,PlayGame,|send||game||board||to||all||players|,validate,|alidat|,70
55,PlayGame,stop,stop,|to|,466
45,Message,|is||move||validity|,|is||move|,|is||move|,0
45,Message,|set||move||validity|,|set||move|,|set||move|,1
45,Message,|get||code|,|get||code|,|get||code|,2
45,Message,|set||code|,|set||code|,|set||code|,3
45,Message,|get||message|,|get||message|,|get||message|,4
45,Message,|set||message|,|set||message|,|set||message|,5
45,GameBoard,|is||move||validity|,|is||move|,|is||move|,0
45,GameBoard,|set||move||validity|,|set||move|,|set||move|,1
45,GameBoard,|get||code|,|get||code|,|get||code|,2
45,GameBoard,|set||code|,|set||code|,|set||code|,3
45,GameBoard,|get||message|,|get||message|,|get||message|,4
45,GameBoard,|set||message|,|set||message|,|set||message|,5
45,Move,|get||player|,get,|e|,1047
45,Move,|set||player|,set,|e|,1047
45,Move,|get||move||x|,|get||move||x|,|get||move||x|,920
45,Move,|set||move||x|,|set||move|,|set||move|,1
45,Move,|get||move||y|,|get||move||move|,|get||move||move|,25
45,Move,|set||move||y|,|set||move||y|,|set||move||y|,26
45,Player,|get||type|,|get||type|,|get||type|,28
45,Player,|set||type|,|set||type|,|set||type|,27
45,Player,|get||id|,|get||id|,|get||id|,30
45,Player,|set||id|,|set||id|,|set||id|,29
45,PlayGame,main,main,|ai|,1530
45,PlayGame,|send||game||board||to||all||players|,validate,|alidat|,70
45,PlayGame,stop,stop,|to|,466
37,PlayGame,main,main,|ai|,1530
37,PlayGame,|send||game||board||to||all||players|,validate,|alidat|,70
37,PlayGame,stop,stop,|to|,466
29,PlayGame,main,main,|ai|,1530
29,PlayGame,|send||game||board||to||all||players|,validate,|alidat|,70
29,PlayGame,stop,stop,|to|,466
